title,url,date,hits
"'김도영 35호포→나성범 동점포→이우성 9회 결승타' 0-5 뒤집은 KIA, 챔피언의 자격 증명! 삼성 잡고 2연승 [대구리뷰]",https://m.sports.naver.com/kbaseball/article/076/0004188193,20240901,"조회수139,376"
"'초비상' 롯데, 팀 최다 홈런 손호영 사구 후 교체...149km 직구 오른손 강타 [잠실 현장]",https://m.sports.naver.com/kbaseball/article/311/0001766689,20240901,"조회수131,960"
"“진짜 말도 안 되는 인생 홈런” 스리런 포함 3안타 5타점 먹방쇼→15-13 승리 기여, 선두 KIA는 '박찬호 보유팀' [오!쎈 대구]  ",https://m.sports.naver.com/kbaseball/article/109/0005147668,20240901,"조회수125,209"
"‘예외 없다’ KIA, 2위 삼성 연파하고 6.5게임 차 선두…매직넘버 12",https://m.sports.naver.com/kbaseball/article/119/0002868002,20240901,"조회수122,346"
"한화이글스, 올해도 가을 야구는 멀어지나",https://m.sports.naver.com/kbaseball/article/656/0000103291,20240901,"조회수114,159"
"""빼볼까"" 롯데 168안타 역사 쓴 역대급 외국인을?…왜 명장은 '충격요법' 언급했나",https://m.sports.naver.com/kbaseball/article/477/0000509989,20240901,"조회수112,996"
"LG 확대 엔트리 구상 나왔다, '아는 얼굴'로 2위 재도전+가을 경쟁력 두 마리 토끼 노린다",https://m.sports.naver.com/kbaseball/article/477/0000509996,20240901,"조회수107,800"
1회 첫 타석 서기도 전에 최정 교체? 대체 무슨 일이[인천 현장],https://m.sports.naver.com/kbaseball/article/076/0004188024,20240901,"조회수90,056"
"'와' 나이 잊은 KIA 해결사, 이대호 넘어섰다! 또 한 번 KBO '새 역사'... 7년 만의 KS가 기다려진다",https://m.sports.naver.com/kbaseball/article/108/0003262496,20240901,"조회수89,501"
"""죄송합니다…팬들 덕에 야구 선수라는 걸 느껴"" 술자리 논란→69일 만의 1군 복귀, 속죄투로 얻어낸 승리",https://m.sports.naver.com/kbaseball/article/076/0004188261,20240901,"조회수89,134"
"SUN이 극찬했던 1차 지명 출신 좌완의 완벽투, 꽃감독의 마음 사로잡았다 [오!쎈 대구]",https://m.sports.naver.com/kbaseball/article/109/0005148210,20240901,"조회수86,703"
"징계 끝! 2이닝 무실점→승리투수…'정훈 결승타' 롯데, 연장 12회 승부 두산 잡고 파죽의 4연승 [잠실 리뷰]",https://m.sports.naver.com/kbaseball/article/076/0004188230,20240901,"조회수79,165"
"[일문일답] '음주 징계 복귀 승' 나균안의 절절한 사과…""팬분들께 죄송하다, 팔 부서지더라도 최선을""",https://m.sports.naver.com/kbaseball/article/477/0000510040,20240901,"조회수77,245"
"'이럴 수가' 롯데 날벼락 맞았다…'149km' 직구 손등 강타→손호영 결국 교체 ""경기 후 병원 검진 예정"" [MD잠실]",https://m.sports.naver.com/kbaseball/article/117/0003866835,20240901,"조회수75,030"
또 무너졌다! 오승환의 손에서 결정된 2연패…국민유격수에겐 '15실점' 난타보다 더 아프다 [대구포커스],https://m.sports.naver.com/kbaseball/article/076/0004188262,20240901,"조회수74,942"
'사자도 못 잡은 호랑이 꼬리' 박병호 역전 만루포 이어 디아즈 역전 투런포에 웃던 삼성...'이게 뒤집히네',https://m.sports.naver.com/kbaseball/article/076/0004187902,20240901,"조회수72,711"
"""업데이트 없다"" 15억 외국인 애물단지 전락…'선발 꼴찌 붕괴' 총력전 선언 무의미해진다",https://m.sports.naver.com/kbaseball/article/477/0000509979,20240901,"조회수72,604"
"20SV 마무리들인데, 호랑이 앞에선 와르르···KIA가 2위 팀들을 때려잡는 비결[스경x이슈]",https://m.sports.naver.com/kbaseball/article/144/0000985701,20240901,"조회수67,804"
고개 숙인 고참들 사이에서…‘삼성맨’이 된 송은범이 잡아낸 아웃카운트 하나에 담긴 희망,https://m.sports.naver.com/kbaseball/article/144/0000985671,20240901,"조회수66,482"
19세 마무리 2⅓이닝 던졌는데…왜 ‘KK’ 전직 마무리는 ‘9구’ 던지고 칼같이 1이닝 교체했을까,https://m.sports.naver.com/kbaseball/article/109/0005148187,20240901,"조회수65,954"
"“시장 나온다고 본다” 100억원대 머니 게임 예고, 스토브리그 중심에 KBO 홈런왕 있다 [SS시선집중]",https://m.sports.naver.com/kbaseball/article/468/0001089875,20240902,"조회수191,236"
꿈의 ‘40홈런·40도루’까지 5홈런·4도루 남았다···남은 잔여경기 일정도 김도영을 향해 미소 짓는다[스경X이슈],https://m.sports.naver.com/kbaseball/article/144/0000985977,20240902,"조회수168,777"
처참한 상대성적. 3승12패+7연패라니... 이제 순위가 아닌 마지막 자존심이 걸렸다. NEW 에이스 출격[SC포커스],https://m.sports.naver.com/kbaseball/article/076/0004188438,20240902,"조회수136,622"
"'16승2패' 지금껏 이런 1위 있었나, KIA 만난 2위는 뼈도 못 추렸다…월간 승률 1위 없이 우승 눈앞이라니",https://m.sports.naver.com/kbaseball/article/109/0005148359,20240902,"조회수132,824"
"음주 논란→징계 철퇴…뼈저린 반성과 사과, ‘5강 전쟁’ 천군만마로 속죄하다",https://m.sports.naver.com/kbaseball/article/109/0005148276,20240902,"조회수101,919"
'확대엔트리 시행 5인 등록 그 후' 롯데-KIA 엔트리 말소…SSG는 100순위 투수 등록,https://m.sports.naver.com/kbaseball/article/076/0004188527,20240902,"조회수101,069"
"""올시즌 가장 인상깊은 경기"" 확 달라진 24세 좌완, 호주→미국 공들인 보람있네…6년만에 눈떴다 [대구포커스]",https://m.sports.naver.com/kbaseball/article/076/0004188294,20240902,"조회수85,466"
"'예비 FA' 김원중, 다시 수십억 잭팟 보인다...7월 ERA 11.05→8월 이후 0.82 '대반전 호투'",https://m.sports.naver.com/kbaseball/article/139/0002209360,20240902,"조회수83,547"
"롯데 5강 희망 끝날 뻔 했는데…아찔했던 손호영 149km 손등 사구, 천만다행으로 단순 타박상",https://m.sports.naver.com/kbaseball/article/109/0005148528,20240902,"조회수78,436"
삼진-삼진-삼진-삼진-삼진…프로야구 최초 불명예 기록 앞두고 대반전 결승타 “매 경기 한국시리즈라 생각한다”,https://m.sports.naver.com/kbaseball/article/109/0005148413,20240902,"조회수76,066"
"드디어 1차 포텐 터지나? 방황 딛고 돌아온 150km 좌완특급, 우승 9부 능선 이끌었다",https://m.sports.naver.com/kbaseball/article/109/0005148451,20240902,"조회수73,841"
"'MVP 김도영 대세론이지만...' 4명뿐인 투수 트리플 크라운, 201안타 넘는 최다안타 신기록이 나온다면?[SC포커스]",https://m.sports.naver.com/kbaseball/article/076/0004188379,20240902,"조회수72,468"
이번에도 계속된 KIA의 ‘호랑이 꼬리잡기 저주’...삼성 ‘끝판대장’ 오승환을 연이틀 무너뜨려서 임팩트는 더 크다,https://m.sports.naver.com/kbaseball/article/022/0003965078,20240902,"조회수71,046"
'이걸 뒤집어? KIA 무섭다' 0-5→6-5.. 이틀 연속 삼성 꺾고 선두 굳히기,https://m.sports.naver.com/kbaseball/article/425/0000153513,20240902,"조회수67,904"
"“우리 애들이 다 이래요”···뜨거웠던 대구의 이틀, 이우성이 이범호 감독에게 불려간 이유[스경x비하인드]",https://m.sports.naver.com/kbaseball/article/144/0000985948,20240902,"조회수63,737"
"韓 떠난 'ERA 5.65 日 투수', 그런데 웬 커피차가... '폭발적 관심' 그래서 더 아쉬운 마무리",https://m.sports.naver.com/kbaseball/article/108/0003262914,20240902,"조회수63,488"
"KIA 김도영, 18경기 남기고 35홈런·36도루…40·40도 보인다",https://m.sports.naver.com/kbaseball/article/001/0014906901,20240902,"조회수63,134"
"NC 5강 희망 남아있는데…끝까지 던지겠다는 토종 에이스 시즌 아웃, 팔꿈치 수술로 내년 기약",https://m.sports.naver.com/kbaseball/article/109/0005148586,20240902,"조회수61,615"
"'8월 ERA 0' 대투수 양현종의 후계자, 드디어 1차 지명 잠재력 터진다",https://m.sports.naver.com/kbaseball/article/139/0002209351,20240902,"조회수61,587"
"'악' 롯데 홈런 1위 트레이드 복덩이, 149㎞ 직구 손등 강타에 철렁…병원 검진결과에 촉각",https://m.sports.naver.com/kbaseball/article/477/0000510086,20240902,"조회수61,123"
"[단독] 니퍼트 14일 KT전 은퇴식, 7년 만에 두산 유니폼 입는다",https://m.sports.naver.com/kbaseball/article/468/0001090152,20240903,"조회수241,802"
'160.1㎞+8K 문동주 미쳤다' 한화 가을야구 가자! 4위 두산 7-1 완파…문현빈 역전 3점포[대전 게임노트],https://m.sports.naver.com/kbaseball/article/477/0000510503,20240903,"조회수152,050"
'천만다행이다' 김도영 좌측 팔꿈치 CT 촬영 결과 이상 없다…40-40 도전 계속된다 [MD광주],https://m.sports.naver.com/kbaseball/article/117/0003867612,20240903,"조회수141,560"
"40-40 눈앞에 둔 KIA 김도영, 한 시즌 만에 ‘문김 대전’ 양상을 뒤엎어버렸다",https://m.sports.naver.com/kbaseball/article/022/0003965476,20240903,"조회수111,589"
"""악!"" 40-40 도전 KIA 김도영 팔꿈치 사구→교체 ""CT 검진 예정""[광주 속보]",https://m.sports.naver.com/kbaseball/article/076/0004188991,20240903,"조회수108,338"
"KIA 김도영이 40-40 해도 홈런왕은 못한다? 日 19홈런의 위력, 전설의 테임즈 소환 ‘재계약 가자’",https://m.sports.naver.com/kbaseball/article/117/0003867530,20240903,"조회수94,923"
"""야구하고 싶어도 못할 수 있다는 생각에…"" LG→한화, 눈물로 씻어낸 시련 '2차 드래프트 성공작' 뜨나",https://m.sports.naver.com/kbaseball/article/109/0005149000,20240903,"조회수94,547"
"""판독 했으면 홈런 아니었겠나"" LG 왜 비디오 판독 신청도 안 했을까, 날아간 이영빈 마수걸이포",https://m.sports.naver.com/kbaseball/article/477/0000510510,20240903,"조회수93,892"
"은퇴 위기 딛고 부활한 '국민 거포' 박병호, KBO리그 역대 3번째 400홈런 눈앞...'리빙 레전드' 최형우도 대기록 노린다",https://m.sports.naver.com/kbaseball/article/139/0002209424,20240903,"조회수91,503"
"""내가 KIA 응원할 줄이야, 에르난데스 일부러 오늘 냈다"" 염갈량이 바라보는 '9치올'과 2위 싸움 [광주 현장]",https://m.sports.naver.com/kbaseball/article/311/0001767634,20240903,"조회수84,866"
"""상위 지명 후보 학폭 논란"" 신인 드래프트와 '악의 연대기' [IS 시선]",https://m.sports.naver.com/kbaseball/article/241/0003377323,20240903,"조회수82,471"
“학생들 희생 번트 시키면 학부모들이 난리 친다”,https://m.sports.naver.com/kbaseball/article/023/0003856260,20240903,"조회수77,079"
'드래프트 판도 뒤흔든다' 150㎞ 좌완 3⅔이닝 7K 대호투... U-18 대표팀 대만에 0-1 석패,https://m.sports.naver.com/kbaseball/article/108/0003263018,20240903,"조회수74,203"
"커피차도 못 보고 떠났던 日 외인, 다시 한국 온다…""인사 위해 자청""",https://m.sports.naver.com/kbaseball/article/076/0004188734,20240903,"조회수69,892"
"'우리의 목표는 확고하다' KIA, 홈 6연전 KS 직행 카운트다운 돌입",https://m.sports.naver.com/kbaseball/article/425/0000153574,20240903,"조회수68,124"
"네일, 이틀 만에 '조기 퇴원'→야구장 훈련 자청까지…이러다 진짜 'KS 1선발' 복귀? ""회복 생각보다 너무 빨라""",https://m.sports.naver.com/kbaseball/article/311/0001767290,20240903,"조회수67,965"
"왼 팔꿈치 사구로 교체된 김도영, 곧장 병원 이동…“CT 촬영 예정”[스경x현장]",https://m.sports.naver.com/kbaseball/article/144/0000986272,20240903,"조회수66,863"
"'정우주 vs 정현우, 김태형 vs 김태현' 1,3번째 픽에 쏠리는 눈, 2025 KBO 신인 드래프트 11일 개최...팬 100명 직관",https://m.sports.naver.com/kbaseball/article/076/0004188736,20240903,"조회수63,957"
"5위까지 2.5G 차! 149일 만에 꺼낸 1번타자 카드…""공격적으로""",https://m.sports.naver.com/kbaseball/article/076/0004188839,20240903,"조회수63,898"
"‘연장 계약→팔꿈치 부상’ 日 떠난 시라카와 마지막 의리, 한국 다시 돌아온다 “마지막 인사 위해”",https://m.sports.naver.com/kbaseball/article/109/0005148942,20240903,"조회수63,335"
"삼성이 이래서 120억 안겼나…“30홈런 못 쳐도 된다, 팀만 높이 올라간다면” 2위팀 캡틴의 남다른 ‘팀퍼스트’",https://m.sports.naver.com/kbaseball/article/109/0005149936,20240904,"조회수209,904"
"""빈볼일 수가 없다"" 과열된 김도영 사구 논란, 오히려 KIA가 진화했다…40-40 도전 계속된다",https://m.sports.naver.com/kbaseball/article/477/0000510654,20240904,"조회수170,370"
"""고의로 맞힌거 아냐?"" 보복구 던질 기세로 격앙됐던 양현종이 김도영의 아픈 팔꿈치를 때린 이유 [광주 현장]",https://m.sports.naver.com/kbaseball/article/076/0004189244,20240904,"조회수159,021"
"이승엽이 다시 한번 밀려난다? KIA 타격장인은 쉽지 않다…삼성 국민거포의 도전, FA 계약종료 임박",https://m.sports.naver.com/kbaseball/article/117/0003867660,20240904,"조회수146,448"
"염경엽 감독 ""열 받아서 못 잤습니다""...두 차례 오심에도, 왜 비디오 판독 요청하지 않았나 [잠실 현장]",https://m.sports.naver.com/kbaseball/article/311/0001768053,20240904,"조회수129,481"
"“원래 그렇게 던지는 선수니까” 음주 논란→1.2이닝 8실점→30G 징계→KKKK 속죄투…돌아온 국대 투수, 701승 명장은 어떻게 봤나",https://m.sports.naver.com/kbaseball/article/410/0001021701,20240904,"조회수126,231"
"송진우 3003이닝의 벽은 무너질까…KIA 대투수 10시즌 연속 170이닝 예약, 3년 더 OK? 위대한 도전",https://m.sports.naver.com/kbaseball/article/117/0003867744,20240904,"조회수120,796"
"천재 쓰러진 그날 밤, ""아~"" 곳곳에 장탄식 메아리…'단순 타박' 소식에 ""와~!""[광주 스케치]",https://m.sports.naver.com/kbaseball/article/076/0004189066,20240904,"조회수117,795"
"'이럴 수가' 4위인데 자력으로 5강 확정 이리도 힘드나 …kt·한화·롯데, 두산 압박한다",https://m.sports.naver.com/kbaseball/article/477/0000510538,20240904,"조회수98,379"
"""내가 KIA를 응원할 줄은.."" 구겨진 자존심, 그러나 LG와 염경엽이 여전히 KS 바라보는 이유[광주 토크]",https://m.sports.naver.com/kbaseball/article/076/0004189073,20240904,"조회수96,993"
롯데 7년만의 가을야구? 꿈이 아니다! '1:4→7회 타자일순 6득점' 숙적 KT에 역전드라마 [부산리뷰],https://m.sports.naver.com/kbaseball/article/076/0004189555,20240904,"조회수93,882"
"'왜 신청안했나' 염갈량도 화났다. ""1루는 오스틴이 하지 말라고. 홈런은 2루심이 직접 확인하길래 믿었다""[잠실코멘트]",https://m.sports.naver.com/kbaseball/article/076/0004189334,20240904,"조회수93,704"
"""이제 170이닝 욕심 나…끝까지 포기 안 할 것"" '10년 연속 150이닝' KIA 대투수, 타협은 절대 없다",https://m.sports.naver.com/kbaseball/article/311/0001767742,20240904,"조회수78,896"
"'114안타' 한화 최초 역사 쓰고 백업 전락, 오히려 좋았다? 왜?…""1군에 있는 것만으로 감사했다""",https://m.sports.naver.com/kbaseball/article/477/0000510626,20240904,"조회수78,463"
"2루심은 펜스 왜 갔을까, 왜 염경엽은 격분했나…심판위원장 “비디오판독 신청 없어서 공 수거하러 갔다. 철망 통과하는 경우도 있다”",https://m.sports.naver.com/kbaseball/article/109/0005150357,20240904,"조회수75,953"
"다칠까봐 슬라이딩도 못하게 하는데···가슴철렁했던 공포의 밤, 리그가 주목하는 김도영의 ‘피니시’[스경x이슈]",https://m.sports.naver.com/kbaseball/article/144/0000986412,20240904,"조회수75,002"
"""사실상 에이스"" KKKKK 국제대회서도 빛난 전주고 No.1의 안정감...U18 대표팀 태국 대파, 슈퍼라운드 진출 확정",https://m.sports.naver.com/kbaseball/article/076/0004189175,20240904,"조회수74,275"
"9회 김선빈 극적 동점포 잠재운 10회 장진혁 번개홈터치...한화 2연승 5위 맹추격, KIA 3연승 마감 [광주 리뷰]",https://m.sports.naver.com/kbaseball/article/109/0005150483,20240904,"조회수72,382"
"'패패패패' 총력전 선언도 무용지물…어느새 KT와 0.5경기 차, 위기의 두산 이젠 5강도 장담 못한다",https://m.sports.naver.com/kbaseball/article/117/0003867649,20240904,"조회수66,499"
"'패패패패' 두산, 한때 상위권 경쟁했는데…'5위 추락' 눈앞 현실이 됐다 [대전 현장]",https://m.sports.naver.com/kbaseball/article/311/0001767899,20240904,"조회수65,707"
"“팬분이 간직하겠다고” 삼성 간곡한 부탁에도…박병호 400호 홈런볼, 왜 회수 못했을까",https://m.sports.naver.com/kbaseball/article/109/0005150519,20240905,"조회수282,549"
"""꼰대 문화랬는데"" 김도영 선입견 산산조각 낸 KIA 팀 문화, 외인 '복귀 열망' 당연했다",https://m.sports.naver.com/kbaseball/article/108/0003263707,20240905,"조회수149,680"
"30세 투수 KBO 방출 한 달 만에 '전격 은퇴선언', 대만리그 영입 오퍼에도 선수생활 마감",https://m.sports.naver.com/kbaseball/article/108/0003263614,20240905,"조회수111,743"
"9회 극적 동점 투런포 쳤는데 김선빈 선발 제외 왜? ""오랜만에 한 번 빼달라고…대타로 대기"" [광주 현장]",https://m.sports.naver.com/kbaseball/article/311/0001768420,20240905,"조회수104,944"
"“4년째 선발 기회 주는데 많이 부족하다” 감독의 쓴소리, 1차지명 투수 내년 결단 내릴까",https://m.sports.naver.com/kbaseball/article/109/0005151068,20240905,"조회수103,391"
박병호 400홈런 고지에서 포효 “다 이뤘다. 한국시리즈 우승만 보겠다”,https://m.sports.naver.com/kbaseball/article/119/0002869390,20240905,"조회수97,160"
"5위→8위 ‘추락’…딱 2주 걸렸다. 이대로 5강 멀어지나. 151억 에이스, LG전 ‘ERA 11.50’ 문제다",https://m.sports.naver.com/kbaseball/article/109/0005150628,20240905,"조회수90,108"
"확장엔트리 없었으면 어떡할 뻔 했나…상동에서 온 5강행 특급조커, ""결과 신경쓰지 않고"" ",https://m.sports.naver.com/kbaseball/article/109/0005150585,20240905,"조회수88,833"
"김도영 아니었으면 MVP 확정적인데…이렇게 불운할 수가, 페디도 못한 외인 최초 '투수 4관왕' 보인다",https://m.sports.naver.com/kbaseball/article/109/0005150564,20240905,"조회수88,783"
"""내 남편 여권 가져가!"" 아내가 외쳤다…그래도 될까? '7이닝 노히트+8K 홀리 피칭' 붙잡고 싶은 대전예수",https://m.sports.naver.com/kbaseball/article/311/0001768301,20240905,"조회수87,220"
"천하의 KIA 노히트노런 수모 안길 뻔, 한화에 이런 에이스가…""1선발? PS 전까지 의미 없다""",https://m.sports.naver.com/kbaseball/article/477/0000510736,20240905,"조회수84,607"
"돌아오지 못한 '400홈런' 기념구, 박병호는 통 크게 양보했다 ""팬이 원한다면 전 괜찮아요""",https://m.sports.naver.com/kbaseball/article/241/0003377690,20240905,"조회수82,989"
"4~9위 승차가 3.5G라니, 순위표가 미쳤다!…'역대급 혈투' 이보다 뜨거웠던 5강 경쟁 있었나",https://m.sports.naver.com/kbaseball/article/311/0001768141,20240905,"조회수82,437"
"""오른쪽은 안 돼요!"" 턱 골절 수술한 선수가 단 열흘 만에, 이렇게 밝은 모습으로 나타나다니...[광주 현장]",https://m.sports.naver.com/kbaseball/article/076/0004189699,20240905,"조회수80,415"
"미국 유학파 야구선수 최유현, ‘KBO 신인 드래프트’ 도전",https://m.sports.naver.com/kbaseball/article/144/0000986672,20240905,"조회수79,696"
"'박준순 잡을 수 없다면…' 10년 미래 담보할 2003년 생 황금 내야진의 완성, 그 끝에 '육성선수 신화'가 있다",https://m.sports.naver.com/kbaseball/article/076/0004189858,20240905,"조회수72,956"
"KIA 핵타선 꽁꽁 묶은 '대전 예수' 당신은 대체, 혹시 페디 아니세요?…""내가 1선발? PS 확정 전까지 의미 없어""",https://m.sports.naver.com/kbaseball/article/311/0001768151,20240905,"조회수72,259"
"""감독님 눈치보며 피해다녔다"" 부산에서만 15년, 37세 노장은 최선 아닌 '승리'를 말한다 [인터뷰]",https://m.sports.naver.com/kbaseball/article/076/0004189714,20240905,"조회수69,231"
"4⅔이닝 퍼펙트 하다가 '와르르'…강백호의 체크스윙, 김태형 감독은 어떻게 봤나? ""애매하지도 않았다"" [MD부산]",https://m.sports.naver.com/kbaseball/article/117/0003868261,20240905,"조회수68,437"
"서건창이 10회 끝냈다! KIA 4-3 승, 매직넘버 10...한화 3연승 실패 [광주 리뷰]",https://m.sports.naver.com/kbaseball/article/109/0005151237,20240905,"조회수67,578"
"'김도영과 충돌' 미안해하던 페라자 갑자기 분노했다, 왜?…손승락 코치 지적 직후 표정 굳었다",https://m.sports.naver.com/kbaseball/article/477/0000510968,20240906,"조회수292,736"
"이혼설 황재균, 아침까지 여성과 술자리…‘프로의식 부족’ 비판도 활활",https://m.sports.naver.com/kbaseball/article/468/0001091247,20240906,"조회수268,493"
"‘김도영-페라자’ 충돌 다음날…페라자 흥분 이유 “욕설 들었다”, ‘후유증’ 김도영 출장 불가",https://m.sports.naver.com/kbaseball/article/109/0005151900,20240906,"조회수222,238"
"“너 한국에선 별로 안 유명해”···라우어를 살리려던 한 마디, 2024년 KIA 외인투수로 산다는 것[스경x비하인드]",https://m.sports.naver.com/kbaseball/article/144/0000986977,20240906,"조회수158,908"
"김도영과 부딪힌 페라자, 10회 '3구 삼진' 뒤 왜 KIA 향해 화풀이 했나…""충돌 당시 언쟁 있었어"" [광주 현장]",https://m.sports.naver.com/kbaseball/article/311/0001768556,20240906,"조회수154,800"
"‘푸른 한화’ 5위에 1.5경기 따라붙다. ‘류현진 QS 1실점’ 한화, LG 3-1 제압…‘또 실책 실점’ LG, 2연패 [잠실 리뷰]",https://m.sports.naver.com/kbaseball/article/109/0005151980,20240906,"조회수151,250"
"154km→158km→159km 뱀직구에 150억 타자도 속수무책...'긁히면 언터처블' 김서현, 한화 5강 도전의 열쇠",https://m.sports.naver.com/kbaseball/article/139/0002209653,20240906,"조회수139,092"
"‘페라자와 쾅!’ KIA 김도영, 경기 출전 불가…“치료받고 있다” [SS광주in]",https://m.sports.naver.com/kbaseball/article/468/0001091374,20240906,"조회수125,323"
"""박병호가 평생 아쉬워 할 것 같다"" 끝내 돌려받지 못한 400호 홈런공, 사령탑은 ""100개 더"" 기대",https://m.sports.naver.com/kbaseball/article/477/0000511063,20240906,"조회수118,242"
"‘트레이드’ 신의 한 수였나…라팍서 꿈 이룬 박병호, 이제야 밝힌 속내 “400홈런 달성 후 은퇴하고 싶었다”",https://m.sports.naver.com/kbaseball/article/109/0005151534,20240906,"조회수114,629"
"'볼볼볼볼' 우려했던 상황이 현실로…1⅔이닝 만에 결단 내린 롯데, 선발진 변화 주나? 후보 '나균안'은 있다 [MD부산]",https://m.sports.naver.com/kbaseball/article/117/0003868519,20240906,"조회수103,302"
"'최강야구' 정근우 빈자리 채운 문교원 ""대학야구 씹어 먹고 프로 가자 결심""",https://m.sports.naver.com/kbaseball/article/445/0000232305,20240906,"조회수98,282"
왜 하필 맞대결이 5번이나…한화·롯데 동반 5강행? 한쪽 몰아주기 아니면 둘 다 힘들다,https://m.sports.naver.com/kbaseball/article/109/0005151329,20240906,"조회수92,558"
"""사과하는데 벤치에서 욕을 했다더라."" 페라자-김도영 충돌에 老감독의 아쉬움. ""서로 아껴줘야 하지 않겠나""[잠실 코멘트]",https://m.sports.naver.com/kbaseball/article/076/0004190401,20240906,"조회수88,401"
"“오늘 경기 통해 내가 어떤 투수인지 보여준 것 같아”…KIA 우승청부사, 자기 주도적 피칭 통해 반등 계기 마련하다 [MK인터뷰]",https://m.sports.naver.com/kbaseball/article/410/0001022181,20240906,"조회수81,121"
"'KIA 찐팬' 시구, 주인공 네일이었다 '챔필 감동의 물결'…""격려와 응원에 보답하겠다"" [광주 현장]",https://m.sports.naver.com/kbaseball/article/311/0001768851,20240906,"조회수78,645"
"""이혼 후 아들 양육 못하는 상황"", '미성년자 성착취물 제작' 서준원 선처 호소 [MHN이슈]",https://m.sports.naver.com/kbaseball/article/445/0000232243,20240906,"조회수74,382"
"40-40 눈 앞에 두고… KIA 김도영, 충돌 후유증으로 선발 제외",https://m.sports.naver.com/kbaseball/article/023/0003857177,20240906,"조회수73,224"
"""벤치에서 욕이 나왔다고""…'김도영과 충돌' 페라자, KIA 향해 화낸 이유 있었다 [잠실 현장]",https://m.sports.naver.com/kbaseball/article/311/0001768831,20240906,"조회수72,171"
"받은대로 돌려준다…KIA 서건창 연장 끝내기 한화에 설욕, 매직넘버 10 [어제의 프로야구]",https://m.sports.naver.com/kbaseball/article/020/0003586100,20240906,"조회수66,927"
"'아뿔싸' 한화 가을야구 최대 변수 발생→갑작스러운 에이스 등판 무산... 사령탑 ""잘 모르겠습니다"" [잠실 현장]",https://m.sports.naver.com/kbaseball/article/108/0003264440,20240908,"조회수233,349"
"""김도영 안부 묻지도 않고 KIA가 욕했다니..."" 피해자가 가해자로 둔갑, 막내 감독은 그대로 넘어갈 수 없었다",https://m.sports.naver.com/kbaseball/article/109/0005152655,20240908,"조회수170,633"
"일본 잠재운 고교 투수 '빅3' 키움·한화·삼성이 동시에 웃는다, 1~3순위 정현우-정우주-배찬승?",https://m.sports.naver.com/kbaseball/article/109/0005152656,20240908,"조회수144,676"
'와' KBO 43년 역사상 8번째 진기록 탄생하다!... 인생 경기 펼친 9번 타자 '2홈런+4안타+5타점' 전부 데뷔 최초 [잠실 현장리뷰],https://m.sports.naver.com/kbaseball/article/108/0003264469,20240908,"조회수127,795"
"""한국전 영봉패는 최초 굴욕"" 배찬승→정우주→정현우에 막힌 일본 ""이기고싶었다""",https://m.sports.naver.com/kbaseball/article/076/0004191004,20240908,"조회수118,886"
"김도영 역전타 30-30-100-100 달성, 양현종 10K, 정해영 30SV...KIA 8회 드라마 '80승 선점' [광주 리뷰]",https://m.sports.naver.com/kbaseball/article/109/0005152910,20240908,"조회수116,411"
"""지나간 일 언급 NO"" 했던 이범호 감독…직접 나설 수밖에 없었던 이유 [광주 현장]",https://m.sports.naver.com/kbaseball/article/311/0001769183,20240908,"조회수103,528"
"KIA 김도영 대망의 3·30·30·100·100, 결승 3루타 폭발하며 키움 5-2 제압 견인→매직넘버6→4연승으로 80승 선착→양현종·후라도 멋진 투수전[MD광주]",https://m.sports.naver.com/kbaseball/article/117/0003869019,20240908,"조회수88,986"
김태형? 김태현? 배찬승? KIA 1라운드는 누가 와도 매우 행복하다,https://m.sports.naver.com/kbaseball/article/014/0005238539,20240908,"조회수87,708"
"'비밀번호 8888577' 또 되풀이하나…'가을야구' 마지노선 5할, 롯데에게 필요한 건 '13승' 가능할까?",https://m.sports.naver.com/kbaseball/article/117/0003868948,20240908,"조회수87,107"
"대기록 김도영 ""베이스 뽑는 세리머니 하고 싶다""…박재홍-테임즈와 동급, 이제 40-40 도전? [현장인터뷰]",https://m.sports.naver.com/kbaseball/article/311/0001769355,20240908,"조회수85,094"
"'40홈런-40도루 목표' 솔직한 21세 김도영 ""테임즈처럼 2루 베이스 뽑아보고 싶다"" [광주 현장]",https://m.sports.naver.com/kbaseball/article/108/0003264466,20240908,"조회수83,665"
"'한화 초비상' 후반기 토종 ERA 1위 문동주 등판 불발, 도대체 무슨 일이",https://m.sports.naver.com/kbaseball/article/117/0003868934,20240908,"조회수80,408"
"“나이에 비해 힘 있다” 삼성 8000만원 베테랑 허언 아니었네…3G ERA 0→부산&대구 연투도 OK, 아직 죽지 않았다",https://m.sports.naver.com/kbaseball/article/410/0001022435,20240908,"조회수73,028"
"“브랜든 잊어버리세요” 야심찬 13억 투자, 결국 허공으로…두산 외인 농사 역대급 ‘흉작’ 마무리",https://m.sports.naver.com/kbaseball/article/109/0005152712,20240908,"조회수72,819"
"한화 페라자 삿대질 미스터리…KIA는 욕을 하지도 않았고 욕이 중요한 것도 아니다, 1순위 ‘선수의 건강’[MD광주]",https://m.sports.naver.com/kbaseball/article/117/0003868943,20240908,"조회수69,830"
"'단기 알바' 한국 왔는데, 1위 간절한 외인 있다…""정규시즌 우승 중요성 잘 알아"" [광주 현장]",https://m.sports.naver.com/kbaseball/article/311/0001769169,20240908,"조회수61,556"
"김도영, ‘퀀터플 트리플’ 달성…역대 3번째",https://m.sports.naver.com/kbaseball/article/449/0000285003,20240908,"조회수61,470"
이래서 지명권 2장 내줬구나…트레이드 복덩이 결승타&쐐기포 폭발! 2위팀 격침 선봉에 서다 [대구 리뷰],https://m.sports.naver.com/kbaseball/article/109/0005152559,20240908,"조회수60,764"
"'니퍼트, 내 마음속 영원한 1선발' 두산 양의지, 은퇴식 기회 마련돼 기뻐",https://m.sports.naver.com/kbaseball/article/425/0000153745,20240908,"조회수60,252"
KIA 160㎞ 파이어볼러 놓쳤다?…'2024년 뒤흔든 역대급 재능' 김도영 진가 알아봤다,https://m.sports.naver.com/kbaseball/article/477/0000511318,20240909,"조회수158,032"
"사령탑도 ""잘 모르겠다"", 도대체 한화 에이스에 무슨 일이... 왜 하필 5강 달린 이 시점에 등판 불발인가",https://m.sports.naver.com/kbaseball/article/108/0003264537,20240909,"조회수156,086"
'ERA 32.40' 한화 2R 유망주 올해 4번째 2군행…8억 FA 우완 컴백,https://m.sports.naver.com/kbaseball/article/477/0000511385,20240909,"조회수133,074"
"'충격적 8전 8패, 홈 전패만은 안된다' 마지막 1경기 너무 많은 게 걸려있다",https://m.sports.naver.com/kbaseball/article/076/0004191391,20240909,"조회수112,732"
'비매너' 슬라이딩에 난투극까지‥'아쉬운 첫 패배',https://m.sports.naver.com/kbaseball/article/214/0001373323,20240909,"조회수100,522"
"이게 되네? '기록 제조기' 김도영, MLB 역사상 단 7명-국내 타자 역대 최초 대기록 '찜'",https://m.sports.naver.com/kbaseball/article/139/0002209779,20240909,"조회수99,258"
"키움이 그리워하는 그 이름, 안우진…사령탑은 왜 ""내년 구상에 없다""고 했을까 [광주 현장]",https://m.sports.naver.com/kbaseball/article/311/0001769447,20240909,"조회수89,830"
"""최저 연봉 3천만원 프로 생활, 결코 쉽지 않아""…선수협, 대선배 최동원 정신으로 저연차·저연봉 선수 지원한다",https://m.sports.naver.com/kbaseball/article/477/0000511365,20240909,"조회수88,561"
"""우리나라에 단 한번도 없었던, 큰 영광""…대투수의 유일한 개인 욕심, KIA는 지켜준다",https://m.sports.naver.com/kbaseball/article/477/0000511356,20240909,"조회수83,143"
"갑자기 이렇게 끝나나, 역대급 5강 싸움 결말이 보인다…롯데 절망적, 한화·SSG도 간당간당",https://m.sports.naver.com/kbaseball/article/109/0005153112,20240909,"조회수77,819"
"우승까지 남은 매직넘버는 ‘6’···이번주, KIA의 정규리그 우승 ‘홈파티’는 가능할까",https://m.sports.naver.com/kbaseball/article/144/0000987554,20240909,"조회수76,756"
학폭 의혹 선수A 감독 “학폭위 열린 적 없고 학폭 없다” … 각 구단들은 난감,https://m.sports.naver.com/kbaseball/article/014/0005238996,20240909,"조회수75,814"
"'5회에 백기라니' 한화 1위 에이스 없으면 절대 5강 못 간다…사령탑, 최대 위기에 ""모른다""",https://m.sports.naver.com/kbaseball/article/477/0000511286,20240909,"조회수73,557"
'80억' 유강남 부상+정보근 2군행+'1차 지명' 손성빈 9월 11타수 무안타...'강민호 이적 7년' 롯데 포수 잔혹사 여전히 미해결,https://m.sports.naver.com/kbaseball/article/139/0002209788,20240909,"조회수66,336"
"페라자도 잠못 이루었나? 충돌 다음날 아침 DM 사과까지. 쿨한 김도영 ""진심이 느껴져 고마웠다""",https://m.sports.naver.com/kbaseball/article/109/0005153098,20240909,"조회수65,204"
"'누가 막을 쏘냐' 4연승 KIA, 김도영 '3할-30홈런-30도루-100타점-100득점' 또 하나의 이정표",https://m.sports.naver.com/kbaseball/article/425/0000153761,20240909,"조회수64,332"
"문동주의 갑작스러웠던 결장...간판스타 책임감 부족인가, 선수 생명 위한 당연한 선택인가",https://m.sports.naver.com/kbaseball/article/076/0004191432,20240909,"조회수62,827"
"""지금 레벨은 유영찬 다음""…육성선수에 2억을 투자한 LG, 순위싸움 '신의 한 수' 되나 [잠실 현장]",https://m.sports.naver.com/kbaseball/article/311/0001769647,20240909,"조회수54,482"
"김도영, 이제 '화룡점정'만 남았다...한국인 최초 40홈런-40도루 '도전'...현재 35홈런-38도루, 2.4경기당 홈런포 쏴야",https://m.sports.naver.com/kbaseball/article/425/0000153793,20240909,"조회수53,216"
"""페라자한테 메시지가 왔어요"" 김도영, '교통사고급 충돌→하루 결장'에도 왜 고맙다고 말했나",https://m.sports.naver.com/kbaseball/article/108/0003264517,20240909,"조회수53,163"
"[단독] '150㎞ 강속구 볼수도' 니퍼트, 7년 만에 두산 마운드 전격 복귀…KBO, 외인도 '은퇴 특별 엔트리' 허용",https://m.sports.naver.com/kbaseball/article/076/0004191561,20240910,"조회수241,873"
"KIA 팬들이 무려 18만표 뽑아줬는데…121타점 괴물 외인이 8월 MVP 주인공, 팬투표로는 한계 있었다",https://m.sports.naver.com/kbaseball/article/477/0000511493,20240910,"조회수171,643"
"테임즈는 140경기만에 했다…KIA 김도영 40·40 위대한 도전, 베이스 뽑고 12G 5홈런 ‘최후의 승부’",https://m.sports.naver.com/kbaseball/article/117/0003869417,20240910,"조회수171,139"
"U-23 주먹질에 오히려 ""한국의 비겁한 공격"" 대만 매체, 대표팀 향한 선 넘는 조롱 [박연준의 시선]",https://m.sports.naver.com/kbaseball/article/445/0000233953,20240910,"조회수123,456"
"살인 태클 당한 것도 억울한데…KIA 신인 1G 출장정지, 주먹 휘두른 베네수엘라 메디나 4G 징계",https://m.sports.naver.com/kbaseball/article/109/0005153819,20240910,"조회수120,175"
"'10위→9위→8위→7위→6위→5위' 우승 후보, 이러다 진짜 4위까지 탈환하나 '분수령 왔다'",https://m.sports.naver.com/kbaseball/article/108/0003264744,20240910,"조회수112,414"
"“중국 아닌 한국 야구장입니다” 시민의식 상실, 일부 KBO 팬들",https://m.sports.naver.com/kbaseball/article/022/0003967794,20240910,"조회수110,464"
"""이런 포수 또 없다"" 고2부터 국대 주전, 150㎞ 투수들 제치고 1R 지명 받을까",https://m.sports.naver.com/kbaseball/article/108/0003264832,20240910,"조회수94,378"
"니퍼트 은퇴식 '벌써 매진임박', 152㎞ 강속구 뿌릴까... 실전 투입 ""규정상 문제 없다""",https://m.sports.naver.com/kbaseball/article/108/0003264875,20240910,"조회수89,321"
"'야구명가' 광주일고, 전면드래프트 3년만 1라운더 배출하나..좌완 김태현의 '운명'은?",https://m.sports.naver.com/kbaseball/article/660/0000068505,20240910,"조회수83,297"
"팬투표 2배 압도적 화력에도...KIA, 7월 김도영-8월 네일 '2연속 월간 MVP 2위' 분루",https://m.sports.naver.com/kbaseball/article/139/0002209876,20240910,"조회수79,559"
'혼돈의 벤클 발생' 국제 대회에서 주먹질을? KIA 신인 1G 출전 정지…베네수엘라 선수 4G 징계,https://m.sports.naver.com/kbaseball/article/076/0004191654,20240910,"조회수77,352"
"‘치열한 5강 싸움’ SSG가 웃었다, 3연승→6위 수성…한화, 와이스 8K 역투에도 3연패 [인천 리뷰]",https://m.sports.naver.com/kbaseball/article/109/0005154087,20240910,"조회수73,994"
"'살인 태클 이후 주먹질까지' KIA 루키와 충돌한 메디나 4G 출장 정지, 김두현은 1경기 출전 불가",https://m.sports.naver.com/kbaseball/article/117/0003869558,20240910,"조회수71,071"
"살인 슬라이딩+주먹질 한 베네수엘라 메디나, 4G 출장 정지…김두현은 1G 못 나온다",https://m.sports.naver.com/kbaseball/article/410/0001022731,20240910,"조회수67,752"
"'베네수엘라 비매너 태클에 KIA 신인 크게 다칠 뻔' 韓 대표팀, 3연승 뒤 첫 패 [U-23 세계야구선수권대회]",https://m.sports.naver.com/kbaseball/article/108/0003264736,20240910,"조회수60,257"
"'문동주 이탈' 한화, 5강행 먹구름...'4연승' 대전 예수가 희망 되살릴까",https://m.sports.naver.com/kbaseball/article/139/0002209830,20240910,"조회수59,979"
아찔한 살인 태클에 주먹질까지 당했는데...KIA 김두현 1G 출장 정지-'가해자' 메디나는 4G 정지,https://m.sports.naver.com/kbaseball/article/139/0002209853,20240910,"조회수58,864"
"“삼성이 배찬승 뽑으면 우완이냐 좌완이냐…갑자기 잘한 선수는” 드래프트1라운드 선택, 김태형 감독의 힌트",https://m.sports.naver.com/kbaseball/article/109/0005154005,20240910,"조회수58,483"
삼성 1라운드 배찬승 가능성 높아 … 아시아 놀래킨 ‘연고권 파이어볼러’ 품을까,https://m.sports.naver.com/kbaseball/article/014/0005240046,20240910,"조회수58,048"
'이럴수가' 한화 가을야구 '최대 악재' 결국 현실로 됐다→사실상 시즌아웃 가능성,https://m.sports.naver.com/kbaseball/article/108/0003265286,20240911,"조회수244,851"
삼성 배찬승? KIA 김태현? 두산은 '야수 최대어' 박준순 지명 유력…1R 중하위권 판도 완전히 뒤바뀌나,https://m.sports.naver.com/kbaseball/article/311/0001770230,20240911,"조회수183,518"
"‘충격의 0명’…프로 산실 ‘최강야구’, 올해는 미지명 대이변 [2025드래프트]",https://m.sports.naver.com/kbaseball/article/468/0001092733,20240911,"조회수179,800"
"초미의 관심, 1R 10명 선택 완료...빅5는 예상대로, 이율예 '최대 파란' [2025 드래프트]",https://m.sports.naver.com/kbaseball/article/076/0004192345,20240911,"조회수145,831"
'정현우·정우주 전체 1·2순위 지명' 2025 KBO 신인 드래프트 마무리→총 110명 입단…키움 14명 지명권 행사(종합),https://m.sports.naver.com/kbaseball/article/311/0001770574,20240911,"조회수141,874"
"0-5 뒤진 7회 왜 김택연이? 두산 투수교체 미스터리, 국민타자 ‘진짜’ 의도 무엇이었나",https://m.sports.naver.com/kbaseball/article/109/0005154487,20240911,"조회수113,652"
"KIA 갈 운명이었나? 챔필 다니던 로컬보이 진짜 '성덕' 됐다…""어렸을 때부터 정말 팬이었다""",https://m.sports.naver.com/kbaseball/article/477/0000511720,20240911,"조회수110,435"
"1,2순위보다 더 궁금했던 3순위. 삼성의 선택은 배찬승. 롯데는 김태현[2025 드래프트]",https://m.sports.naver.com/kbaseball/article/076/0004192303,20240911,"조회수109,050"
"롯데 '5강 희망' 제대로 다시 불 지폈다→그리고 사령탑이 잊지 않은 건 바로 위대한 팬들이었다 ""폭염에도...""",https://m.sports.naver.com/kbaseball/article/108/0003264997,20240911,"조회수104,220"
"6-0 리드, 노히터 중에 4회 자진 강판이라니…삼성 코너에게 무슨 일이? 우측 견갑 통증",https://m.sports.naver.com/kbaseball/article/109/0005154949,20240911,"조회수97,870"
"'이럴수가' 50-50 새 역사가 눈앞인데 만장일치가 아니라니...오타니, MVP 모의투표서 1위표 9장 못받았다",https://m.sports.naver.com/kbaseball/article/139/0002209902,20240911,"조회수95,749"
"한화에 또 '156km' 괴물 투수 들어오나, 1순위보다 마음 편한 2순위…김택연 외면한 1년 전과 다르다 ",https://m.sports.naver.com/kbaseball/article/109/0005154361,20240911,"조회수84,019"
"파이어볼러 천국에서 대반전, 4순위 롯데부터 10순위 LG까지 판이 뒤집혔다 [2025드래프트]",https://m.sports.naver.com/kbaseball/article/468/0001092698,20240911,"조회수82,782"
"유일한 ‘100승 외인’ 니퍼트, 7년 만에 두산 더그아웃 지킨다",https://m.sports.naver.com/kbaseball/article/025/0003385731,20240911,"조회수81,684"
'1·2순위 누가 돼도 상관없다' 국대 내야수 주고받은 '키움 7순위'에 더 관심 쏠린다 '154㎞ 좌완? 급성장 우완?',https://m.sports.naver.com/kbaseball/article/108/0003265067,20240911,"조회수80,710"
"198cm에서 강속구 뿌리는데…농구 레전드 혼혈 조카, KBO 입성 실패 ‘미지명 아픔’ [신인드래프트]",https://m.sports.naver.com/kbaseball/article/109/0005154778,20240911,"조회수80,139"
호랑이 품에 안긴 ‘갸린이’ 김태형… 심재학 단장이 밝힌 3가지 이유,https://m.sports.naver.com/kbaseball/article/396/0000688488,20240911,"조회수79,928"
1·2순위 이미 정해졌다? '신스틸러' 삼성 선택에 쏠리는 눈…롯데-KIA까지 영향 받는다,https://m.sports.naver.com/kbaseball/article/477/0000511536,20240911,"조회수79,812"
"KIA, 1라운드서 덕수고 투수 김태형 지명…“너 땀시 살아 이어줄 선수” [2025드래프트]",https://m.sports.naver.com/kbaseball/article/468/0001092624,20240911,"조회수78,652"
"김도영 생각나게 하는 '갸린이'가 먼 길 돌아 KIA 품에 안겼다 ""막상 드래프트날 되니까 KIA 가고 싶었어요"" [드래프트 현장]",https://m.sports.naver.com/kbaseball/article/108/0003265303,20240911,"조회수76,891"
"""냉정한 평가"" 최강야구 돌풍 소멸, 문교원 포함 드래프트 모두 낙방…제2의 황영묵 없다",https://m.sports.naver.com/kbaseball/article/241/0003379332,20240912,"조회수229,447"
"'와' 역대 이런 꼴찌는 없었다, 디펜딩 챔프 상대 무려 10승씩이나... 사령탑 ""끝까지 응원 보내주신 팬들께 감사드린다""",https://m.sports.naver.com/kbaseball/article/108/0003265320,20240912,"조회수211,135"
"'레예스 10승' 삼성, 리그 유일한 팀 됐다!…'류현진 아낀' 한화 5연패, 5강 절망적[대전 게임노트]",https://m.sports.naver.com/kbaseball/article/477/0000511940,20240912,"조회수159,323"
"""키 크고 재능은 있는데…"" 스카우트들의 답변, 150km 던지는 198cm 왜 외면 받았나",https://m.sports.naver.com/kbaseball/article/076/0004192827,20240912,"조회수143,006"
"'김혜성·강백호 빠졌다' 더 젊어진 프리미어12 韓 대표팀, 김도영-19세 신인에게도 기회가 왔다",https://m.sports.naver.com/kbaseball/article/108/0003265528,20240912,"조회수136,465"
"“고민 안 한 것은 아니다···하지만” 최강야구 미지명, 스카우트가 주목한 선수는 있었다 [2025드래프트]",https://m.sports.naver.com/kbaseball/article/468/0001092958,20240912,"조회수121,766"
"롯데 왜 김태형 아닌 김태현일까…147km 계투 즉시전력감도 데려왔다 ""전략에 따른 지명 만족""",https://m.sports.naver.com/kbaseball/article/477/0000511763,20240912,"조회수116,465"
"류현진 빠지고 '신인' 김택연-박지환 포함…KBO, 2024 프리미어12 예비 명단 60인 제출 [공식발표]",https://m.sports.naver.com/kbaseball/article/311/0001771024,20240912,"조회수102,179"
"6순위인데 유니폼 이름 새긴 도박? 확신이었다…""김택연처럼, 올해 야수 '넘버 원' 자긍심""",https://m.sports.naver.com/kbaseball/article/477/0000511837,20240912,"조회수98,692"
"""아침까지 대학원서 준비하고 있었는데""…'깜짝 지명', 그것도 5라운드라니! TAXI 2만원 지출도 기뻤다 [드래프트 현장]",https://m.sports.naver.com/kbaseball/article/311/0001770910,20240912,"조회수95,778"
"KIA엔 매우 민감한 사안, 키움 경기 취소...주말 2연전 최강 원투펀치 만나나 [잠실 현장]",https://m.sports.naver.com/kbaseball/article/076/0004192946,20240912,"조회수95,732"
"""5선발 경쟁 가능"", ""우리까지 순번 오다니"" KIA, 1R김태형+2R이호민 지명 대만족",https://m.sports.naver.com/kbaseball/article/109/0005155159,20240912,"조회수95,068"
"‘어떻게 이런 일이…’ 집에서 드래프트 시청→2R 지명→긴급 호출, 극적으로 기념사진 남기다",https://m.sports.naver.com/kbaseball/article/109/0005155171,20240912,"조회수91,657"
"'잠실 우천 취소 직후...' LG, 왜 사령탑의 말과 다르게 선발 투수 변경했나 [잠실 현장]",https://m.sports.naver.com/kbaseball/article/108/0003265518,20240912,"조회수85,055"
"‘팀코리아’ 류현진은 없었다…KBO, 프리미어12 예비명단서 류현진 제외 [SS시선집중]",https://m.sports.naver.com/kbaseball/article/468/0001093171,20240912,"조회수77,466"
"노히터 김태형·90탈삼진 이호민 품은 KIA, 권윤민 팀장 ""고르게 뽑았다""",https://m.sports.naver.com/kbaseball/article/241/0003379325,20240912,"조회수76,522"
"""올해까진 기회 준다. 내년에는…"" 보답 강조한 염갈량 리더십→1군 엔트리의 무거운 책임감 [잠실포커스]",https://m.sports.naver.com/kbaseball/article/076/0004192725,20240912,"조회수74,826"
"'강속구 펑펑·홈런 쾅쾅' 삼성의 전략은 명확했다, 배찬승에 야수 3명 연달아 뽑은 이유 ""파워가 테마""",https://m.sports.naver.com/kbaseball/article/241/0003379322,20240912,"조회수72,988"
"김도영, 프리미어12 예비 명단…김혜성, 군사훈련 때문에 불발",https://m.sports.naver.com/kbaseball/article/001/0014929458,20240912,"조회수69,164"
"라우어 9K 무실점 압도, 도영 결승타&미친스피드...KIA 5연승 'M5', 롯데 허무한 2안타 영봉패 [광주 리뷰]",https://m.sports.naver.com/kbaseball/article/109/0005155518,20240912,"조회수64,103"
"최강야구 '0명' 가혹한 현실에 '망연자실'…수석코치의 하소연 ""2명은 무조건 된다고 봤는데"" [광주포커스]",https://m.sports.naver.com/kbaseball/article/076/0004193109,20240913,"조회수155,310"
"43년 역사상 단 3명뿐...'130득점' 김도영, '40-40' 테임즈 따라잡았다...공동 2위 도약",https://m.sports.naver.com/kbaseball/article/139/0002210077,20240913,"조회수131,127"
"'허...참' 이렇게 반갑지 않은 우천 취소가 다 있다니, 왜?→'5강 싸움' 최대 변수 떠오르나",https://m.sports.naver.com/kbaseball/article/108/0003265730,20240913,"조회수117,610"
'류패패패패패류' 한화 믿을맨은 류현진 뿐! 13년 만에 10승 달성!...롯데와 5강 공멸전 역전승 [부산 리뷰],https://m.sports.naver.com/kbaseball/article/109/0005156038,20240913,"조회수116,884"
"류현진 이대로 국대 은퇴? ""대표팀 한 번 더 가고파"" 외쳤는데…'류·양·김' 없는 프리미어12, 세대교체 변곡점 될까",https://m.sports.naver.com/kbaseball/article/311/0001771218,20240913,"조회수102,600"
"푸른 한화는 신기루였나, 5강 꿈은 멀어졌지만…기적 같은 74만5797명, 구단 역대 최다 관중 신기록 썼다",https://m.sports.naver.com/kbaseball/article/109/0005155708,20240913,"조회수98,821"
"“골든글러브? KIA가 1등 해야죠, 우승할 거예요” KIA 29세 수비왕에게 가을이란…한을 풀 시간[MD광주]",https://m.sports.naver.com/kbaseball/article/117/0003870749,20240913,"조회수98,646"
"“계약금은 키움에서 받아놓고 지명은 왜···” 유쾌했던 NC 김휘집의 ‘지명 소감’··· 드래프트의 날, 그는 ‘초심’을 생각했다",https://m.sports.naver.com/kbaseball/article/144/0000988502,20240913,"조회수95,945"
"'우승 후보' 10위→9위→8위→7위→6위→5위→4위, 이러다 진짜 3위까지 집어삼키나, 리그를 뒤흔든다",https://m.sports.naver.com/kbaseball/article/108/0003265559,20240913,"조회수95,746"
"'하늘도 너무하네' 또 어깨 아프다, 가을과 태극마크 다 무산되나…""힘들 때 빠져서 미안""하댔는데",https://m.sports.naver.com/kbaseball/article/477/0000511970,20240913,"조회수93,719"
"'승승승승승' 무적의 KIA, 매직넘버 5 진입...빠르면 추석 연휴 '조기 우승' 확정",https://m.sports.naver.com/kbaseball/article/139/0002210040,20240913,"조회수84,167"
"“건강하게 돌아와 주세요” 팬들의 DM 폭격, ‘팔꿈치 수술→부상 재발’ 491일 인고의 시간 버티다",https://m.sports.naver.com/kbaseball/article/109/0005155822,20240913,"조회수81,124"
"25억 FA 투수, 드디어 복귀 시동...팔꿈치 수술→435일 만에 실전→퓨처스 1이닝 2K 무실점",https://m.sports.naver.com/kbaseball/article/109/0005155933,20240913,"조회수80,855"
"124승 레전드 출신 코치, ‘1군 등판 기록 0’ 193cm 장신 우완에 제대로 꽂혔다 “터지면 완전 대박” ",https://m.sports.naver.com/kbaseball/article/109/0005155860,20240913,"조회수75,869"
"5강도 버거웠는데…4위 도약→3위 넘본다, 막내의 무서운 마법 “로하스 연타석 홈런 덕에 승리” [오!쎈 수원]",https://m.sports.naver.com/kbaseball/article/109/0005155624,20240913,"조회수73,943"
"류현진·김광현·양현종 빠진 프리미어12 예비명단, 대표팀 세대교체 포석 “WBC·LA 올림픽 준비한다”",https://m.sports.naver.com/kbaseball/article/109/0005155670,20240913,"조회수72,877"
"""김도영 칭찬하지 않을 수 없어""...'KBO 도루 3위'도 극찬한 '완벽한 주루', 또 하나의 기록이 보인다",https://m.sports.naver.com/kbaseball/article/311/0001771511,20240913,"조회수69,733"
"삼성이 해냈다, 3년 만에 PS 진출 확정! LG를 6G 따돌릴 줄 누가 알았나 ""아직 끝난 것 아니다""",https://m.sports.naver.com/kbaseball/article/109/0005155645,20240913,"조회수69,250"
"삼성, KIA 넘으려면 '쿼텟' 중 구자욱, 강민호가 분발해야...박병호, 홈런 6개 타점 14개로 최고, 디아즈도 2경기서 홈런 1개 쳐",https://m.sports.naver.com/kbaseball/article/425/0000153925,20240913,"조회수65,670"
"“큰일났다” 5위 추격 SSG, 우천취소→8연전 ‘지옥 일정’…“선발 로테이션 다 꼬였다” [오!쎈 인천]",https://m.sports.naver.com/kbaseball/article/109/0005155969,20240913,"조회수63,391"
"선수도, 코치도 음주운전…LG 또 탄식, 구단 사람들은 새벽에 오는 전화가 두렵다",https://m.sports.naver.com/kbaseball/article/477/0000512192,20240914,"조회수135,082"
"‘굿바이 니퍼트’ 두산, 가을수빈 앞세워 KT 제압→4위 0.5G차 추격…4위 싸움 끝까지 간다 [잠실 리뷰]",https://m.sports.naver.com/kbaseball/article/109/0005156469,20240914,"조회수130,404"
눈물의 은퇴식… KBO 최고 외인 두산 니퍼트 작별인사,https://m.sports.naver.com/kbaseball/article/025/0003386624,20240914,"조회수129,918"
"'하필 너무나 중요한 경기' 니퍼트 은퇴식 등판, 현실적으로 가능한 시나리오는?",https://m.sports.naver.com/kbaseball/article/076/0004193424,20240914,"조회수122,635"
"미쳤다! 최형우 끝내기타, 기적의 9회 역전극...KIA 6연승, 삼성패배 매직넘버 3[광주 리뷰]",https://m.sports.naver.com/kbaseball/article/109/0005156474,20240914,"조회수109,415"
"'PO가 코앞인데 이 무슨 날벼락?' 최지광, 김지찬, 코너 부상 '초비상'...삼성, 투수 9명 투입하고 SSG에 패퇴",https://m.sports.naver.com/kbaseball/article/425/0000153938,20240914,"조회수106,101"
"""선수가 너무 아파해서 검사가 불가능했다"" 삼성 불펜 날벼락 어쩌나",https://m.sports.naver.com/kbaseball/article/076/0004193629,20240914,"조회수104,705"
"""뭐 이런 완벽한 애가 있나 했다"" 고교 감독이 극찬한 모범생 우완, 삼성이 품었다... 최고의 스틸 픽 예고",https://m.sports.naver.com/kbaseball/article/108/0003265919,20240914,"조회수102,842"
"'최소 1년 실격 불가피' 음주운전 1R 좌완 유망주, LG 어떻게 단죄할까…'방출 철퇴' 행보 이어 가나",https://m.sports.naver.com/kbaseball/article/477/0000512156,20240914,"조회수100,514"
"‘볼넷 볼넷 볼넷 볼넷’ 밀어내기 볼넷→헤드샷 퇴장…1차지명 풍운아, 이렇게 안 풀릴까",https://m.sports.naver.com/kbaseball/article/109/0005156075,20240914,"조회수100,337"
"트레이드로 아슬아슬하게 연명했는데…KIA 안방 상전벽해, 25세 국대포수 배출? 11월의 감격 기대",https://m.sports.naver.com/kbaseball/article/117/0003870981,20240914,"조회수94,132"
"""그렇게 교육하는데 왜 이런 일이…"" 허망한 LG, 이상영 자백 후 KBO 신고했다",https://m.sports.naver.com/kbaseball/article/076/0004193447,20240914,"조회수87,820"
"아직도 150km ""펑펑' 던지는 올해 43세 니퍼트가 왜 은퇴했지? 44세 리치 힐도 던지는데.,오늘 은퇴 6년 만에 은퇴식",https://m.sports.naver.com/kbaseball/article/425/0000153932,20240914,"조회수83,359"
"류현진, 13년 만에 KBO리그 10승 달성…한화, 롯데에 8:4 승리로 5연패 탈출",https://m.sports.naver.com/kbaseball/article/472/0000032565,20240914,"조회수73,813"
"""코치님께서 선발 시켜주셨다, 덕분에…"" 13년 만의 10승, 류현진이 떠올린 '무쇠팔' 최동원과의 추억 [MD부산]",https://m.sports.naver.com/kbaseball/article/117/0003870977,20240914,"조회수71,261"
"LG 1라운더 군필 투수 음주운전에 사고까지, 코치 퇴출 직후라 더 충격, ‘술 못마시는’ 염경엽 감독 어쩌나",https://m.sports.naver.com/kbaseball/article/468/0001093383,20240914,"조회수70,307"
"[오피셜] LG 이상영 음주운전 악재 덮쳤다→구단 공식 사과 ""KBO 징계 겸허히 수용할 것""",https://m.sports.naver.com/kbaseball/article/108/0003265815,20240914,"조회수69,949"
"LG 왜 이러나, 코치 이어 투수 이상영 음주운전에 또 사과문 냈다 ""불미스러운 일에 책임 통감, KBO 징계 겸허히 수용""",https://m.sports.naver.com/kbaseball/article/109/0005156300,20240914,"조회수67,986"
"OPS 1.269 김도영 보다 무섭다, 매직넘버 지우는 작은 거인...꽃감독 극찬 ""빼놓을 수 없는 활약""",https://m.sports.naver.com/kbaseball/article/109/0005156232,20240914,"조회수67,671"
"LG 트윈스 A 선수 음주운전 적발, LG ""클린베이스볼 신고, 상벌위 징계 겸허히 수용""",https://m.sports.naver.com/kbaseball/article/241/0003379848,20240914,"조회수65,686"
‘전력질주 안해 병살타→1군 말소’ 기회 준 감독도 한숨 쉬다 “아웃카운트 착각은 너무 그렇다” [오!쎈 부산],https://m.sports.naver.com/kbaseball/article/109/0005156729,20240915,"조회수191,906"
"삼성, 홈런 4개 치고 지다니…무너진 오승환 9패째, SSG 재역전극 '5위 희망' 이어갔다 [인천 리뷰]",https://m.sports.naver.com/kbaseball/article/109/0005156952,20240915,"조회수143,781"
"""팔꿈치를 못 펴더라"" 검진도 못 받을 정도의 고통, 삼성 가을야구 어쩌나 [IS 인천]",https://m.sports.naver.com/kbaseball/article/241/0003379897,20240915,"조회수97,994"
"'찾았다 좌완 에이스!' 롯데 1R 지명 고교생 투수, 日 U-23 타선 4회까지 노히트 봉쇄...韓 세계선수권 6위 마무리",https://m.sports.naver.com/kbaseball/article/139/0002210187,20240915,"조회수97,515"
"‘6G 연속 QS였는데’ 한화 복덩이 외인, 한 이닝 9실점 실화인가? [오!쎈 부산] ",https://m.sports.naver.com/kbaseball/article/109/0005156991,20240915,"조회수86,578"
"얼마나 고통이 심했으면...""팔이 안 펴져 검진을 못 받았다"", 필승조 부상 날벼락, 최악 시나리오",https://m.sports.naver.com/kbaseball/article/109/0005156607,20240915,"조회수78,772"
"‘KIA 졌지만 삼성도 패배’→‘매직넘버2’ KIA, 정규시즌 우승 보인다…김도영 40도루에 ‘-1’",https://m.sports.naver.com/kbaseball/article/468/0001093483,20240915,"조회수78,588"
"“꼭 두산 유니폼으로 은퇴하고 싶었다”…펑펑 울고 큰절 올린 니퍼트, 영원한 1선발로 기억되리 [오!쎈 잠실]",https://m.sports.naver.com/kbaseball/article/109/0005156590,20240915,"조회수74,113"
"'이제 난타는 일상다반사인가?' 오승환, 또 0.2이닝 홈런 포함 연속 4피안타 3실점...구자욱, 빛바랜 30홈런-100타점 기록",https://m.sports.naver.com/kbaseball/article/425/0000153959,20240915,"조회수73,407"
"美연수까지 계획한 좌완 유망주가 음주운전이라니…이상영 음주운전, 왜 더 충격적인가",https://m.sports.naver.com/kbaseball/article/477/0000512223,20240915,"조회수72,835"
"""니퍼트 등판 못해 아쉽다"" 국민타자 어쩔수 없는 선택…니느님도 이해했다 ""멋진 경기 펼친 선수들에 박수""",https://m.sports.naver.com/kbaseball/article/477/0000512200,20240915,"조회수72,785"
"KIA 7연승 좌절, 삼성 패배로 '매직넘버 2'...헤이수스 13승+6득점 빅이닝, 키움 1승 설욕  [광주 리뷰]",https://m.sports.naver.com/kbaseball/article/109/0005156919,20240915,"조회수70,251"
"'1004 경기 출전' 정우람, 올 시즌 끝으로 은퇴…""은퇴식 예정""",https://m.sports.naver.com/kbaseball/article/008/0005090386,20240915,"조회수62,810"
KBO판 오타니를 좀 더 빨리 포기했다면…KIA 대투수 울린 사나이의 잃어버린 1년? 보상의 시간이 온다,https://m.sports.naver.com/kbaseball/article/117/0003871191,20240915,"조회수57,919"
"""뼈에는 이상 없다는데"" 하필 추석 연휴, 정확한 검사도 못 받는다, 삼성도 최지광 부상에 애 탄다",https://m.sports.naver.com/kbaseball/article/477/0000512243,20240915,"조회수57,171"
"'놀라운 회복 속도' 네일의 의지…KIA 서두르지 않는다 ""통증 사라진 뒤 던지는 게 중요"" [광주 현장]",https://m.sports.naver.com/kbaseball/article/311/0001771827,20240915,"조회수55,965"
"'7년 만의 은퇴식' 니퍼트, '102승 에이스'의 퇴장",https://m.sports.naver.com/kbaseball/article/047/0002446147,20240915,"조회수55,620"
"갈 길 바쁜 LG, 치명적 주루사로 추격 흐름 뚝…NC 5연패 탈출, 데이비슨 44호 홈런 폭발 [창원 리뷰]",https://m.sports.naver.com/kbaseball/article/109/0005156874,20240915,"조회수55,041"
롯데 가을야구 희망 활활! '황성빈 4출루→고승민+윤동희 10타점 합작→9득점 빅이닝 뒤집기쇼' 사제대결 위닝,https://m.sports.naver.com/kbaseball/article/076/0004193947,20240915,"조회수54,895"
"유일한 고교생 투수가 일본을 4회까지 노히터로 막다니…롯데가 웃는다, U-23 한일전 역전패",https://m.sports.naver.com/kbaseball/article/109/0005156621,20240915,"조회수54,481"
"그때 트레이드를 했다면…FA로 와서 은퇴식까지, 한화에 이렇게 아름다운 마무리 얼마 만인가",https://m.sports.naver.com/kbaseball/article/109/0005157089,20240916,"조회수285,323"
"'희망고문'일까' '희망행복'일까? 한화 이글스, 6년 만에 최고 승률...내년엔 2018년 0.535 기록 깰까?",https://m.sports.naver.com/kbaseball/article/425/0000153980,20240916,"조회수149,712"
"김도영 미쳤다, 36·37호 몰아치기 작렬···타이거즈 국내타자 최다홈런→40-40은 진짜 가시권[스경x현장]",https://m.sports.naver.com/kbaseball/article/144/0000988913,20240916,"조회수130,175"
"김도영 40-40 왜 진짜 가능한가…심상찮은 한마디 ""몰아칠 때 느낌 왔다"" 광풍 예고",https://m.sports.naver.com/kbaseball/article/477/0000512443,20240916,"조회수117,608"
"'가을야구 안 끝났다' 롯데 1군 엔트리 대거 조정, 157홀드 베테랑 포함 4명 제외",https://m.sports.naver.com/kbaseball/article/477/0000512415,20240916,"조회수109,389"
"""4월 몰아칠 때 느낌"" 무서운 김도영, 8G 남기고 '마침내' 감 잡았다... 36·37호 폭발! 꿈의 40-40 정조준 [수원 현장]",https://m.sports.naver.com/kbaseball/article/108/0003266148,20240916,"조회수105,599"
"'마침내' KIA 역대 1위! '36홈런' 김도영, 15년 전 김상현 잡았다...40-40 도전 계속",https://m.sports.naver.com/kbaseball/article/139/0002210246,20240916,"조회수95,046"
"김도영 40-40 대기록 임박…130m 대형포 폭발, 이제 홈런 4개+도루 1개면 40-40 완성",https://m.sports.naver.com/kbaseball/article/477/0000512429,20240916,"조회수92,522"
"'보름 만에 36·37호 폭발' 여유 찾은 김도영, 어떻게 타격감 되살렸나 ""아버지가 타격폼 조언하던데요"" [수원 현장]",https://m.sports.naver.com/kbaseball/article/108/0003266167,20240916,"조회수84,523"
"지옥에서도 데려온다는 좌완 파이어볼러의 충격 배신, 염경엽 감독과 LG는 어떤 결단 내릴까",https://m.sports.naver.com/kbaseball/article/076/0004194037,20240916,"조회수83,477"
"KIA 김도영이 30·40으로 끝나도 위대한 이유…이종범·박재홍과 어깨 나란히, 더 바랄 게 없다",https://m.sports.naver.com/kbaseball/article/117/0003871216,20240916,"조회수82,593"
"'매직넘버 2' KIA, 우승 축포는 어디에서 터질까…인천→잠실 아니면 버스 안에서",https://m.sports.naver.com/kbaseball/article/109/0005157113,20240916,"조회수81,209"
"84일 만 6타점 먹방쇼 펼친 189cm 장신 2루수, 밥상 차려준 동료 향해 감사 인사",https://m.sports.naver.com/kbaseball/article/109/0005157237,20240916,"조회수80,361"
"외국인 최초 '투수 4관왕 도전' 이렇게 끝나나, 시즌 아웃은 아니지만…김도영 MVP 적수가 없다",https://m.sports.naver.com/kbaseball/article/109/0005157167,20240916,"조회수79,926"
"우리가 알던 오승환이 아니다...정신 못 차리던 오태곤에, 왜 풀카운트를 헌납했을까",https://m.sports.naver.com/kbaseball/article/076/0004194020,20240916,"조회수76,479"
"국민타자 ""니퍼트, 4점 차 이상이면 기회 주려 했다""…등판 무산 아쉬움 컸다 [잠실 현장]",https://m.sports.naver.com/kbaseball/article/311/0001772109,20240916,"조회수73,197"
"KBO 안타왕 '불굴의 의지', 십자인대 부상→70일 만에 실전 컴백... 이제 양준혁·박한이 다음 기록 도전",https://m.sports.naver.com/kbaseball/article/108/0003266156,20240916,"조회수72,398"
이대호가 극찬했던 유망주가 2명이나… 1‧3R 없어도 NC의 지명은 확실했다,https://m.sports.naver.com/kbaseball/article/014/0005241995,20240916,"조회수71,452"
"파울 타구 맞아 아픈 강민호의 니킥, 그걸 또 받아주는 한유섬...그 모든 걸 지켜본 이지영의 반응은?",https://m.sports.naver.com/kbaseball/article/076/0004194032,20240916,"조회수68,878"
"KIA 김도영 홈런 침묵 보름만에 깼다…도망가는 솔로포로 36홈런·39도루, 40·40 시동 걸었다[MD수원]",https://m.sports.naver.com/kbaseball/article/117/0003871272,20240916,"조회수68,517"
"‘고마워요 두산’ KIA, SSG에 패배했지만 정규시즌 우승 확정…7년 만에 7번째 정규시즌 우승 [인천 리뷰]",https://m.sports.naver.com/kbaseball/article/109/0005157837,20240917,"조회수182,186"
"'안타→3루타→안타→홈런→2루타' 고승민 韓 32번째 사이클링히트…'3연승' 롯데, 가을 희망 또 살렸다 [MD부산]",https://m.sports.naver.com/kbaseball/article/117/0003871486,20240917,"조회수140,889"
"50km 넘게 음주운전…좌완 1라운더 유망주, 징계와 거취는 어떻게 될까",https://m.sports.naver.com/kbaseball/article/109/0005157406,20240917,"조회수133,311"
"‘슈퍼스타란 이런 것’ KIA 김도영, 40-40 가능성 희미해져 가던 순간, 36·37호 홈런 몰아쳤다",https://m.sports.naver.com/kbaseball/article/022/0003969218,20240917,"조회수90,636"
"진짜 테임즈처럼 베이스 뽑나? 미국에 오타니 있으면 한국엔 김도영 있네, '토종 최초 40-40' 큰 거 온다",https://m.sports.naver.com/kbaseball/article/311/0001772345,20240917,"조회수90,291"
"KIA 김도영은 큰 관심이 없지만…2014 서건창 추월이 임박했다, KBO 역대 최다득점",https://m.sports.naver.com/kbaseball/article/117/0003871379,20240917,"조회수88,619"
"""기록 알았어도 3루까지 뛰었을 것""…고승민 머릿속에는 오로지 승리뿐이었다 [현장 인터뷰]",https://m.sports.naver.com/kbaseball/article/311/0001772543,20240917,"조회수83,890"
"패패패패패패패패패패패패...이승엽의 두산, '사자 군단 공포증' 극복하고 4위 사수할까",https://m.sports.naver.com/kbaseball/article/139/0002210269,20240917,"조회수82,880"
"‘무릎 인대 손상’ 삼성 163cm 작은거인 126일 만에 컴백, NC 2군전 3안타 맹타…삼성 가을야구 비밀병기될까",https://m.sports.naver.com/kbaseball/article/410/0001023958,20240917,"조회수81,887"
"'PO행 매직넘버 3' 삼성라이온즈, 그러나 3연패…'무너진 선발, 흔들리는 불펜' 우려 커져",https://m.sports.naver.com/kbaseball/article/657/0000030010,20240917,"조회수79,971"
"‘ERA 최하위’ 151억 투수, KIA 우승 희생양 위기…이제 진짜 자존심 문제다",https://m.sports.naver.com/kbaseball/article/109/0005157439,20240917,"조회수78,604"
"'방출 이적생 포수, 2년 만에 홈런 터졌다' 한화, NC 꺾고 2연패 탈출...'155km' 김서현, 1이닝 KKK [창원 리뷰]",https://m.sports.naver.com/kbaseball/article/109/0005157828,20240917,"조회수76,480"
"'둘 다 3개 남았다!' 김도영, 오타니 중 누가 먼저 대기록 달성할까? 김, 홈런 3개 추가면 국내 선수 최초 40-40 달성, 오타니도 50-50에 홈런 3개 필요",https://m.sports.naver.com/kbaseball/article/425/0000153986,20240917,"조회수73,256"
"""어떻게 구제할 방법도 없다고 했는데""…'1R 특급유망주' 이상영의 음주운전, 한숨 쏟아낸 염경엽 [MD부산]",https://m.sports.naver.com/kbaseball/article/117/0003871396,20240917,"조회수73,026"
"“이제 진짜 시작이다, 마음 단단히” 1순위 정현우 5억 파격, 14명 루키 고척돔 처음 온 날 계약서 사인까지…프로 첫 발 내딛다",https://m.sports.naver.com/kbaseball/article/410/0001024015,20240917,"조회수71,420"
"'정규시즌 아웃' 외인이 원정까지 따라와 하이파이브 격려라니... 감독도 감탄 ""정말 대단한 선수, 내가 감사하다""",https://m.sports.naver.com/kbaseball/article/108/0003266184,20240917,"조회수70,554"
‘최다득점’ 경신 앞둔 KIA 김도영…서건창 “정말 좋은 선수가 나왔다” [SS시선집중],https://m.sports.naver.com/kbaseball/article/468/0001093584,20240917,"조회수70,067"
"테임즈 넘었고 이제 서건창 바라본다…김도영, 또 하나의 기록 도전 '한 개 남았다'",https://m.sports.naver.com/kbaseball/article/076/0004194209,20240917,"조회수69,512"
"“정규시즌 우승, 생각도 못했는데…” SUN→류중일→김태형→김원형→꽃범호의 감격, KIA와 KBO 새 역사 창조[MD인천]",https://m.sports.naver.com/kbaseball/article/117/0003871527,20240917,"조회수67,120"
"40-40 부담감? 김도영은 마인드가 다르다 “달성하면 성취감 크다, 항상 즐기는 마음” [오!쎈 수원]",https://m.sports.naver.com/kbaseball/article/109/0005157368,20240917,"조회수65,722"
키움 1순위는 무려 5억에 계약했는데…ML 러브콜 뿌리친 한화 2순위는 얼마 받을까,https://m.sports.naver.com/kbaseball/article/109/0005158057,20240918,"조회수191,788"
"최형우 내년 연봉 협상 이미 끝났다… '신의 한 수'된 계약, 10억이 이렇게 싸게 보이나",https://m.sports.naver.com/kbaseball/article/477/0000512677,20240918,"조회수148,069"
"72억 FA 공백 1년 만에 채워질 줄이야…""부끄럽다""지만 국대급 선수 도약, 롯데 '악바리' 2루수 기록도 넘본다",https://m.sports.naver.com/kbaseball/article/109/0005158066,20240918,"조회수139,717"
"KIA 정규리그 우승 ‘일등공신’ 김도영, 40-40 달성, 만장일치 MVP로 ‘화룡점정’ 찍을까",https://m.sports.naver.com/kbaseball/article/022/0003969340,20240918,"조회수139,012"
"김도영 '40-40'에 이목...KIA 이범호 감독, 기록위해 타순 조정 할 수 있다",https://m.sports.naver.com/kbaseball/article/425/0000154009,20240918,"조회수131,565"
"정현우는 5억 받는다, 당초 그 위라던 '2순위' 정우주는 한화가 얼마 안길까",https://m.sports.naver.com/kbaseball/article/076/0004194340,20240918,"조회수130,321"
"""갑작스럽지만 죽는 것보다 낫다, 적극 찬성"" 오후 2시→5시 긴급 변경, 현장은 대환영 분위기 [MD수원]",https://m.sports.naver.com/kbaseball/article/117/0003871618,20240918,"조회수126,877"
"'7년 만에 한국시리즈 직행' KIA, 서울로 이동해 '샴페인 샤워'",https://m.sports.naver.com/kbaseball/article/472/0000032614,20240918,"조회수103,888"
'감히 내 앞에서 구자욱 걸러?' 9회 분노의 스리런포 대폭발! KBO 최초 기록 달성 삼성→2위 확정 매직넘버 '2',https://m.sports.naver.com/kbaseball/article/108/0003266453,20240918,"조회수100,969"
"'우승' KIA, 드디어 김도영 '40-40' 본격 밀어주기 시작하나... 직접 사령탑이 공언했다",https://m.sports.naver.com/kbaseball/article/108/0003266440,20240918,"조회수92,793"
"오타니 5G 만에 시즌 48호 폭발, 추신수 넘어 亞 최다 홈런 신기록! 50-50도 2홈런-2도루 남았다",https://m.sports.naver.com/kbaseball/article/108/0003266386,20240918,"조회수90,409"
KIA 정규시즌 ‘우승’에 숨은 ‘7·7·7’ 행운법→‘몰아치기’ 김도영 40-40 클럽 입성 남았다 [SS시선집중],https://m.sports.naver.com/kbaseball/article/468/0001093704,20240918,"조회수88,719"
"생일에 치명적인 실책, 송구가 상대 더그아웃에 들어가다니…실책 퍼레이드+마무리 실점, 롯데 3연승 마감 [사직:스코어]",https://m.sports.naver.com/kbaseball/article/311/0001772706,20240918,"조회수82,442"
"韓 수비 최강자도 막지 못했다…롯데 고승민 사이클링히트 대기록, 태극마크도 꿈이 아닌 이유",https://m.sports.naver.com/kbaseball/article/477/0000512622,20240918,"조회수79,569"
"“최종 목표 모르겠지만…” 삼성서 온 29억 FA 이적생, 그의 꿈은 2000안타다",https://m.sports.naver.com/kbaseball/article/410/0001024022,20240918,"조회수66,776"
"""타석에 더 많이 설 수 있게""…'40-40 도전' KIA 김도영 탄력 붙을까",https://m.sports.naver.com/kbaseball/article/003/0012790567,20240918,"조회수64,631"
"40-40·구원왕·10년 연속 170이닝···7년 만의 ‘통합 우승’ KIA, 이제는 ‘기록 잔치’다",https://m.sports.naver.com/kbaseball/article/144/0000989106,20240918,"조회수63,125"
"'마의 3.5경기 차' 이렇게 못 좁히나...5위 KT 패한 날, 송구 실책 연발에 김원중 난조까지 [오!쎈 부산]",https://m.sports.naver.com/kbaseball/article/109/0005158397,20240918,"조회수61,500"
"'구자욱 거르고 날 선택했어?' 디아즈, 분노의 결승 스리런포...삼성, 3연패 탈출 '2위 매직넘버 2' [수원 현장]",https://m.sports.naver.com/kbaseball/article/076/0004194546,20240918,"조회수61,341"
3위 위태위태 LG. 악재 발생. 내일 선발 최원태 이석증으로 대체선발 준비[부산 현장],https://m.sports.naver.com/kbaseball/article/076/0004194457,20240918,"조회수59,369"
[단독] ‘아침 술자리’ 이혼설 불거진 황재균♥지연 지인 “두 사람 이혼 안 했다”,https://m.sports.naver.com/kbaseball/article/468/0001093959,20240919,"조회수317,814"
"""한 타석이라도 더"" 이범호, 김도영 40-40 기회 밀어준다… 시작부터 '126m 3루타'에 역대 최다 득점 타이 기록",https://m.sports.naver.com/kbaseball/article/477/0000512822,20240919,"조회수135,937"
"막바지 프로야구, 이제 ‘3위 싸움’만 남았다···LG-두산-KT, 누가 유리할까",https://m.sports.naver.com/kbaseball/article/144/0000989152,20240919,"조회수114,771"
"10라운드 지명→현역 제대→방출→독립리그→재입단, 5년 만에 감격 데뷔전 ‘KK 무실점’",https://m.sports.naver.com/kbaseball/article/109/0005158492,20240919,"조회수109,765"
"'토종 최초 40-40' 도전 판 깔렸다, 19일부터 '리드오프 김도영' 원 없이 보나…""MVP 기회라 끝까지 뛰고파""",https://m.sports.naver.com/kbaseball/article/311/0001772748,20240919,"조회수107,014"
"김도영, 40-40 아닌 KBO 새 역사 눈앞... 모두가 만들었기에 더 뜻깊은 '강팀의 상징'",https://m.sports.naver.com/kbaseball/article/108/0003266584,20240919,"조회수81,303"
"또 실책, 또 불펜 방화, 또 자멸...'3실책 와르르' 롯데, 가을야구 실낱 희망 걷어찼다",https://m.sports.naver.com/kbaseball/article/139/0002210360,20240919,"조회수75,148"
"""ML서 뛰고 싶어요"" LG 한화의 드래프트 야수 원픽, 日 드래프트 1순위 출신에게 털어놓은 미래[무로이칼럼]",https://m.sports.naver.com/kbaseball/article/076/0004194684,20240919,"조회수75,094"
"김도영 시즌 최다득점 타이, 그러나 홈런 NO…우승 확정 호랑이 힘 좀 빠졌나? 두산, KIA 꺾고 4연승+4위 수성 [잠실:스코어]",https://m.sports.naver.com/kbaseball/article/311/0001773094,20240919,"조회수74,153"
"'기록 잔치 기대' KIA의 남은 7경기, 김도영·양현종·정해영의 시간",https://m.sports.naver.com/kbaseball/article/079/0003939412,20240919,"조회수70,236"
"""김태형 감독과 난 오해할 사이 아냐""…의도치 않은 위장 선발? '이석증' 최원태 빠르면, 1회 등판 가능 [사직 현장]",https://m.sports.naver.com/kbaseball/article/311/0001773001,20240919,"조회수70,085"
"KIA 불펜 아픈손가락, 21세 국대 좌완 셋업맨은 KS에 돌아올까…퓨처스 ⅓이닝 4실점, 인내의 1개월",https://m.sports.naver.com/kbaseball/article/117/0003871836,20240919,"조회수62,593"
"'KIA 비상' 단기 알바마저 쓰러졌다, 허벅지 불편함으로 2회 투구 도중 강판 [MD잠실]",https://m.sports.naver.com/kbaseball/article/117/0003871953,20240919,"조회수62,022"
"43년 KBO 역사 새로 쓰긴 썼는데...'1G 2실책' 김도영, 역대 최초 30-30-30 주인공 됐다",https://m.sports.naver.com/kbaseball/article/139/0002210415,20240919,"조회수60,531"
‘1사 만루’ 위기 만들고 강판됐는데…왜 노감독은 “수고했다” 특별 격려했을까,https://m.sports.naver.com/kbaseball/article/109/0005158442,20240919,"조회수56,241"
역사상 5번째 '잠실+30홈런' 토종거포인데…78억 캡틴 향한 '엇갈린' 시선 [SC포커스],https://m.sports.naver.com/kbaseball/article/076/0004194588,20240919,"조회수54,787"
"정규시즌 정상 오른 KIA, 남은 7경기서 '기록 잔치' 도전",https://m.sports.naver.com/kbaseball/article/003/0012791693,20240919,"조회수53,255"
"'키가 커서 불리한데...' 92볼넷 1위라니. 그러나 출루왕의 시선은 92삼진. ""내가 홈런타자도 아닌데...""[부산 인터뷰]",https://m.sports.naver.com/kbaseball/article/076/0004194664,20240919,"조회수52,449"
"""내 방식대로 보여줄게"" 구자욱 거르자 분노 폭발 역전 3점포, 2억 삼성 복덩이가 왔다",https://m.sports.naver.com/kbaseball/article/117/0003871711,20240919,"조회수51,959"
"“강한 마음으로 임할 것” 두산, 운명의 LG 3연전 선발 공개…곽빈→김민규→발라조빅 총력전 [오!쎈 잠실]",https://m.sports.naver.com/kbaseball/article/109/0005158752,20240919,"조회수51,887"
"8G 남기고 전격 경질 결정, 단장이 직접 답했다…""쇄신 위해 한 번 끊고 갈 필요가 있다고 생각했다""",https://m.sports.naver.com/kbaseball/article/076/0004195340,20240920,"조회수240,479"
"마침내 도달해버렸다...MLB도 1명뿐인 30-30-30 클럽, 김도영이 KBO 최초로 문 열었다",https://m.sports.naver.com/kbaseball/article/139/0002210430,20240920,"조회수195,523"
"‘LG→한화 트레이드→방출→롯데 영입→올해 0경기’ 전체 1순위 베테랑, 또 방출되다",https://m.sports.naver.com/kbaseball/article/109/0005159632,20240920,"조회수182,637"
"분노의 공 투척→슬픈 얼굴의 버스행… 스타우트 이렇게 불운한 시즌 아웃이 있다니, KIA 선발 또 부상 악령",https://m.sports.naver.com/kbaseball/article/477/0000512991,20240920,"조회수167,189"
"이범호 감독 뭉클하게 했던 스타우트, 짧은 만남 아쉬운  작별···‘우승’ KIA는 외인 투수만 3명째 부상[스경x이슈]",https://m.sports.naver.com/kbaseball/article/144/0000989619,20240920,"조회수148,544"
"'오후 1시 통보→1시24분 발표' NC 미스터리, 왜 8경기 남았는데 경질했나[SC핫이슈]",https://m.sports.naver.com/kbaseball/article/076/0004195295,20240920,"조회수145,493"
"37세에 158⅓이닝 던지다니, 이런 투수 얼마 만인가…부상 우려 잠재운 류현진, 풀시즌 위엄 보여줬다",https://m.sports.naver.com/kbaseball/article/109/0005159330,20240920,"조회수119,610"
"""제가 갖고 있어도 의미가 없을 것 같아""…KBO 최초 팀 5300호 홈런공 고3 키움팬의 센스덕에 삼성 품으로 왔다",https://m.sports.naver.com/kbaseball/article/117/0003872254,20240920,"조회수111,803"
"“전부 안 쉬겠다고 한다”···이미 우승한 KIA의 잔여 6G 로테이션, 이유있는 ‘선발 총출동’[스경x이슈]",https://m.sports.naver.com/kbaseball/article/144/0000989533,20240920,"조회수108,265"
"[공식발표] 'PS 탈락' NC, 강인권 감독과 계약 해지…""현장을 꾸준히 믿고 지원했으나 5강 탈락이 확정됨에 따라 분위기 쇄신""",https://m.sports.naver.com/kbaseball/article/477/0000512906,20240920,"조회수102,060"
"롯데 방출신화 또 없었다…37세 베테랑 투수와 결별, 10년전 대기록 주인공 선수생활 기로",https://m.sports.naver.com/kbaseball/article/477/0000513006,20240920,"조회수97,499"
"오후 1시 강인권 감독 결별 통보, 코치도 대거 변화…왜 NC는 '단 8G' 남기고 분위기 쇄신 단행했나",https://m.sports.naver.com/kbaseball/article/477/0000512956,20240920,"조회수94,057"
"[속보] '햄스트링 손상 판정' 쓰러진 KIA 스타우트, 끝내 고별전 없이 떠난다…""21일 말소 예정""",https://m.sports.naver.com/kbaseball/article/311/0001773483,20240920,"조회수91,662"
"'코리안 드림' 설렜는데… 잔인했던 스타우트의 마지막, 남은 에릭의 슬픔",https://m.sports.naver.com/kbaseball/article/477/0000513009,20240920,"조회수88,047"
'아! 잔인하네' 한국서 마지막 투구인가... 부상 말소→어떻게 고별전도 없이 이렇게 허무하게 가나,https://m.sports.naver.com/kbaseball/article/108/0003267007,20240920,"조회수79,129"
"은퇴 앞둔 추신수, '소고기 30㎏+장어 10㎏+선물 폭탄' 경호·그라운드 키퍼까지 챙겼다",https://m.sports.naver.com/kbaseball/article/108/0003266764,20240920,"조회수76,366"
"“오승환 경험 무시할 수 없다” 핵심 필승조 수술 ‘초대형 악재’, 베테랑 3총사 어깨 무겁다",https://m.sports.naver.com/kbaseball/article/109/0005159183,20240920,"조회수73,624"
"추신수 은퇴식, 2025년으로 연기…""SSG 가을야구 경쟁 우선 집중""",https://m.sports.naver.com/kbaseball/article/311/0001773545,20240920,"조회수57,696"
"1차지명 5년차인데 '후반기 ERA 7.20' 68명 중 꼴찌라니...사실상 시즌 아웃, 이제는 유망주 꼬리표 떼야",https://m.sports.naver.com/kbaseball/article/139/0002210428,20240920,"조회수56,989"
"""중학생 야구선수 출전 막는 '최저학력제' 효력정지"" 서울행정법원 첫판결...학생선수 출전 길 열렸다",https://m.sports.naver.com/kbaseball/article/076/0004195362,20240920,"조회수55,420"
"[단독] “NC 강인권 감독, 나가라는데 왜 안 나가!” 엔씨소프트 8월부터 ‘경질’ 압박했다",https://m.sports.naver.com/kbaseball/article/468/0001094353,20240921,"조회수197,748"
"2위 삼성만 웃었다 'PO직행 매직넘버 1'…3위 싸움 두산-LG, DH '장군멍군'[잠실 리뷰]",https://m.sports.naver.com/kbaseball/article/076/0004195603,20240921,"조회수166,288"
한국야구 'GOAT'의 품격→결국 추신수 은퇴식 내년으로 미룬다... '왜' 파격 결단 내렸나,https://m.sports.naver.com/kbaseball/article/108/0003267041,20240921,"조회수150,274"
"'역시' 김도영 대단하네, 홈런왕·득점왕에 안타왕까지? KIA 기록 도장깨기는 계속된다",https://m.sports.naver.com/kbaseball/article/139/0002210508,20240921,"조회수144,071"
'KBO 43년 역사상 최초' LG→이제 롯데의 신기록에 도전한다... '잠실구장 130만 최다 관중 동원 역사',https://m.sports.naver.com/kbaseball/article/108/0003267229,20240921,"조회수141,402"
"""중요한 시기인데 경기가 우선""…'은퇴 선언' 추신수, 내년에도 한 번 더 본다 ""은퇴식 미루겠다""",https://m.sports.naver.com/kbaseball/article/076/0004195393,20240921,"조회수96,742"
“스타우트에게 미안한 마음이 크다” KIA는 ‘1개월 알바’라도 가족으로 여겼다…꽃범호의 진심[MD광주],https://m.sports.naver.com/kbaseball/article/117/0003872635,20240921,"조회수96,210"
"LG 1선발, 공 5개 던지고 헤드샷 퇴장…‘양석환 2홈런 6타점+곽빈 14승 다승 1위’ 두산, 14-7 대승...1경기 차 추격 [잠실 DH1 리뷰]",https://m.sports.naver.com/kbaseball/article/109/0005160020,20240921,"조회수92,966"
"시즌 끝나가는데 이제 15m 캐치볼…실종 3개월째 외인, 기적마저 지운 국민타자 ""구상에 없다""[잠실 토크]",https://m.sports.naver.com/kbaseball/article/076/0004195477,20240921,"조회수90,877"
"롯데 자이언츠, 베테랑 투수 신정락 등 7명에 방출 통보",https://m.sports.naver.com/kbaseball/article/119/0002874288,20240921,"조회수90,831"
"'10→9→8→7→6→5위' 어떻게 여기까지 왔는데... 막판 극적 뒤집기 나오나, 5연승 질주에 0.5G 차까지 좁혀졌다",https://m.sports.naver.com/kbaseball/article/108/0003267258,20240921,"조회수89,788"
부상이 앗아간 코리안 드림…'시한부 외인'과의 짧은 동행이 남긴 여운[SC피플],https://m.sports.naver.com/kbaseball/article/076/0004195407,20240921,"조회수87,308"
"게임에서만 보던, 말도 안되는 슬라이더...2번째 방출, 신정락의 '마구'를 다시 볼 수 있을까",https://m.sports.naver.com/kbaseball/article/076/0004195454,20240921,"조회수78,364"
"""미국에서 데려간 이유 있다"" 2군 타율 .202였는데…1군 와서 .433 폭발, 한화에 이런 타자가?",https://m.sports.naver.com/kbaseball/article/109/0005159849,20240921,"조회수74,686"
"'드디어 돌아왔다' LG 우승 멤버 천군만마, 3주 공백 깨고 '1군 콜업'... 잠실 라이벌전 정조준",https://m.sports.naver.com/kbaseball/article/108/0003267069,20240921,"조회수72,112"
"15년차 베테랑도 피하지 못한 칼바람...신정락, 데뷔 첫 0경기 출전→두 번째 방출 시련",https://m.sports.naver.com/kbaseball/article/139/0002210500,20240921,"조회수64,659"
"드래프트 미지명→대학 진학→육성 선수 입단→퓨처스 올스타, 감격의 선발 데뷔전 기회 받다",https://m.sports.naver.com/kbaseball/article/109/0005159869,20240921,"조회수63,239"
"'나성범 1군 말소' KIA, 이미 KS 준비 돌입…""주전 부상 최소화, 젊은 선수들은 기회"" [광주 현장]",https://m.sports.naver.com/kbaseball/article/311/0001773648,20240921,"조회수63,171"
"“복귀할 이유가 없다” 160km 문동주, 2년 연속 9월초 시즌 아웃…성장통 아닌 관리 실패",https://m.sports.naver.com/kbaseball/article/109/0005159819,20240921,"조회수62,588"
"어찌 이런 일이…LG 에르난데스, 공 5개 던지고 헤드샷 '자동 퇴장'[잠실 Live]",https://m.sports.naver.com/kbaseball/article/076/0004195489,20240921,"조회수61,980"
"LG서 트레이드→FA 78억 초대박→주장 임명, 무려 24년 만에 '두목곰' 김동주의 이름을 소환하다",https://m.sports.naver.com/kbaseball/article/108/0003267301,20240922,"조회수220,039"
NC 5강 탈락도 씁쓸한데…포스트시즌에 나홀로 3경기? KIA 한국시리즈 준비 파트너 되나[MD광주],https://m.sports.naver.com/kbaseball/article/117/0003872857,20240922,"조회수135,579"
'이건 기적이다' SSG 파죽의 6연승으로 5위 탈환…KT 충격 2연패[수원 리뷰],https://m.sports.naver.com/kbaseball/article/076/0004195859,20240922,"조회수129,395"
"'8월 9위→9월 1위 현실인가' 감독도 놀랐다, 이제 운명의 6경기 치른다",https://m.sports.naver.com/kbaseball/article/076/0004195932,20240922,"조회수110,704"
"KIA·NC전 강행의지 확고, 그러나 예보에 없던 비가 계속 내린다…1시간 넘게 기다리는 중[MD광주]",https://m.sports.naver.com/kbaseball/article/117/0003872785,20240922,"조회수106,278"
"DH 2차전 선발, 왜 집에서 1차전 보다가 헤드샷 퇴장에 충격 받았을까…“2차전 내가 안 던지나”",https://m.sports.naver.com/kbaseball/article/109/0005160322,20240922,"조회수101,991"
"1m89 대형 2루수, 태극마크 무산되나? ""시즌 후 수술 예정""…사령탑은 '갸우뚱' [대전포커스]",https://m.sports.naver.com/kbaseball/article/076/0004195914,20240922,"조회수101,947"
"롯데 침몰 시킨 한화, '5강' 포기 안 했다...역전 드라마 쓰고 2연승+7위 점프 [대전:스코어]",https://m.sports.naver.com/kbaseball/article/311/0001773887,20240922,"조회수98,863"
"김도영 이어 레이예스도 타순 상향 조정? 200안타 밀어주기 예고 ""기록 세우면 좋다""",https://m.sports.naver.com/kbaseball/article/109/0005160343,20240922,"조회수98,629"
"'1번 김도영-2번 윤도현' KIA 꿈의 테이블세터, 마침내 성사! 최형우-김선빈 1군 제외에도 기대가 넘친다",https://m.sports.naver.com/kbaseball/article/108/0003267342,20240922,"조회수98,356"
"'아뿔싸!' 두산 어쩌나, 주전 안방마님 쇄골 부상... 병원에서 검진 예정, '헤드샷' 허경민은 어지럼증 [잠실 현장]",https://m.sports.naver.com/kbaseball/article/108/0003267357,20240922,"조회수98,041"
"삼성, 키움 간신히 꺾고 PO 직행 확정&원태인 데뷔 첫 15승 달성...찜찜한 결말 아쉽네! [대구 리뷰]",https://m.sports.naver.com/kbaseball/article/109/0005160554,20240922,"조회수95,720"
"'비거리 84m' 잠실구장에서 이런 홈런이...60억 FA, 생애 첫 그라운드 홈런",https://m.sports.naver.com/kbaseball/article/109/0005160496,20240922,"조회수83,837"
"'양현종 이후 7년만' 푸른 피의 에이스 다승왕 예약, 국내 투수 자존심 세웠다",https://m.sports.naver.com/kbaseball/article/477/0000513173,20240922,"조회수77,942"
"2만500명 꽉 찼는데…70분 기다리며 강행 의지, KIA-NC 얄궂은 비에 결국 '이틀 연속 취소' [광주 현장]",https://m.sports.naver.com/kbaseball/article/311/0001773850,20240922,"조회수73,971"
"‘7명 방출’ 롯데, 칼바람 개혁…베테랑 사이드암 신정락 등 새 팀 찾아 떠난다",https://m.sports.naver.com/kbaseball/article/425/0000154116,20240922,"조회수72,973"
"155km 던지면 뭐하나, 7실점 와르르 난타…두산, 일요일 15연패 ‘지독한 악몽’",https://m.sports.naver.com/kbaseball/article/109/0005160742,20240922,"조회수69,963"
"KIA 최형우·김선빈 시즌마감, 열심히 야구한 자들은 쉬어라…그런데 이 선수는 안 쉬고 완주[MD광주]",https://m.sports.naver.com/kbaseball/article/117/0003872721,20240922,"조회수67,800"
"'한국시리즈 준비 돌입' KIA, 최형우·김선빈·홍종표 1군 엔트리 말소...고종욱·최정용 콜업",https://m.sports.naver.com/kbaseball/article/139/0002210563,20240922,"조회수66,371"
"헤드샷, 맞고 맞고 또 맞고…더블헤더 5번 맞았다. 두산팬들의 '야유' 폭발",https://m.sports.naver.com/kbaseball/article/109/0005160227,20240922,"조회수65,396"
"결국 의사까지 나서 말렸다… 한국 야구 GOAT의 시계, 설마 이대로 멈춰서나",https://m.sports.naver.com/kbaseball/article/477/0000513286,20240923,"조회수212,696"
"""10년은 걸릴 줄 알았는데…"" 전체 1순위 재능과 자신감이 폭발한다, 이렇게 빨리 영점 잡을 줄이야",https://m.sports.naver.com/kbaseball/article/109/0005160889,20240923,"조회수182,646"
"'지연과 이혼설' 황재균, 여성들과 새벽 술자리 논란에…KBO ""개인 사생활""",https://m.sports.naver.com/kbaseball/article/277/0005475219,20240923,"조회수166,956"
'이럴수가' 7점 차 리드에 6실점이라니...'금 간 돌부처' 오승환 부진에 깊어지는 삼성의 불펜 고민,https://m.sports.naver.com/kbaseball/article/139/0002210595,20240923,"조회수162,659"
"'이런 굴욕적인 평가가 있나?' 박진만 감독 오승환에 ""1이닝도 버거워"" ""상대 타자들이 자신있게 돌려""...또 1군 말소, PO 엔트리 제외 시사",https://m.sports.naver.com/kbaseball/article/425/0000154160,20240923,"조회수150,974"
"'이럴수가' 오승환이 못해서 2군행이라니… 삼성 결국 칼 뽑았다, PS 출전도 장담 못 한다",https://m.sports.naver.com/kbaseball/article/477/0000513354,20240923,"조회수138,384"
"""전화로 통보했다"" 9월 가을바람이 새삼 더 차가운 이유…군복무→시즌중 작별의 아픔 [SC포커스]",https://m.sports.naver.com/kbaseball/article/076/0004195942,20240923,"조회수112,879"
"김도영 38호 치고 40도루 채웠다, 138득점 새 역사까지, 윤도현 3안타 폭발...선두 KIA, 2위 삼성 제압 [광주 리뷰]",https://m.sports.naver.com/kbaseball/article/109/0005161329,20240923,"조회수103,180"
'김도영 없었으면 MVP 확실시' 삼성 캡틴 주간 타율 무려 0.600 대폭발!... 삼성 3년 만에 PO 직행 확정했다,https://m.sports.naver.com/kbaseball/article/108/0003267432,20240923,"조회수102,804"
"‘예비 호랑이 등장’ KIA, 24일 신인 입단식 개최…이범호 감독 상견례→부모님과 시구·시포 [SS시선집중]",https://m.sports.naver.com/kbaseball/article/468/0001094882,20240923,"조회수95,759"
"'은퇴 고민했는데…' 푸른 박병호, 삼성에서만 19홈런…신의 한 수 된 트레이드, 우승 한도 풀까",https://m.sports.naver.com/kbaseball/article/477/0000513257,20240923,"조회수89,854"
"LG전 헤드샷 여파 이 정도라니…허경민 어지럼증+구토 증세, 풀타임 소화 불가 “기회 되면 대타로” [오!쎈 잠실]",https://m.sports.naver.com/kbaseball/article/109/0005161179,20240923,"조회수84,986"
"롯데 에이스 '112구 역투' 하면 뭐하나, 불펜 6명서 단 4아웃→'또' 실책... 어느덧 5강 탈락 초읽기",https://m.sports.naver.com/kbaseball/article/108/0003267438,20240923,"조회수83,390"
국대 마무리와 성공의 꿈 키웠는데…왜 롯데는 강속구 사이드암 방출했을까,https://m.sports.naver.com/kbaseball/article/109/0005160856,20240923,"조회수76,216"
LG 마침내 포스트시즌 '변화무쌍' 승부수 띄운다→우승 팀 업셋 향한 도전 카드 공개,https://m.sports.naver.com/kbaseball/article/108/0003267476,20240923,"조회수75,813"
"이것이 슈퍼스타! 김도영, 시즌 38호 홈런 '쾅'→단일 시즌 '최다 득점' 신기록 [광주 라이브]",https://m.sports.naver.com/kbaseball/article/311/0001774432,20240923,"조회수70,376"
"'1번·DH' 김도영 40-40 도전, 무리 안 시킨다... 이범호 감독 ""기록만큼 부상 안 당하는 게 중요"" [광주 현장]",https://m.sports.naver.com/kbaseball/article/108/0003267589,20240923,"조회수70,120"
"'감독 말 안듣고 바꿨는데...' 8월까지 0.252→9월 0.356 폭발. 데뷔 첫 그라운드 홈런까지. 60억 FA의 도전 ""이대로 가다간 경쟁력 잃어버릴 수도...""[잠실 인터뷰]",https://m.sports.naver.com/kbaseball/article/076/0004196086,20240923,"조회수65,352"
"김도영, 38-40까지 찍었다! 데뷔 첫 40도루 달성…대기록까지 홈런 2개 남았다 [광주 라이브]",https://m.sports.naver.com/kbaseball/article/311/0001774467,20240923,"조회수63,724"
"""누가 돌을 던지겠습니까"" 32홈런 110타점, 김도영에 이은 WAR 2위…왜 KT는 로하스가 '고민'일까",https://m.sports.naver.com/kbaseball/article/241/0003381173,20240923,"조회수63,132"
"김도영에 엄명 떨어지나… 40-40 앞두고 도루는 금지 ""도루 60개도 했을 것""",https://m.sports.naver.com/kbaseball/article/477/0000513490,20240924,"조회수124,863"
"2루타 꽝꽝! 김도영 보러왔다 윤도현에 반했다, 박찬호 투런&김도현 인생투, KIA 2연승 [광주 리뷰]",https://m.sports.naver.com/kbaseball/article/109/0005162006,20240924,"조회수104,040"
"알칸타라 방출부터 꼬인 외인 농사…대체 외인마저 애물단지 전락, 결국 불펜 전환 고민한다",https://m.sports.naver.com/kbaseball/article/109/0005161596,20240924,"조회수104,027"
"'사상 초유 3팀 공동 4위 나올지도...' 두산,KT,SSG 2,3팀 동률일 때 누가 4위, 5위 일까[SC포커스]",https://m.sports.naver.com/kbaseball/article/076/0004196462,20240924,"조회수100,508"
"40홈런-40도루 앞둔 김도영, 유니폼 예매만 7만장",https://m.sports.naver.com/kbaseball/article/658/0000084323,20240924,"조회수80,629"
"“(김)도영이가 뛰면 치지 말라고…그림을 만들어보자” KIA 김도영·윤도현 테이블세터, 9월 한정판인데 ‘매력 철철’[MD광주]",https://m.sports.naver.com/kbaseball/article/117/0003873304,20240924,"조회수80,541"
"'KBO 43년 역사상 최초 진기록 나왔다' 그 주인공은 두산, 빠르면 내일(25일) 4위 확정",https://m.sports.naver.com/kbaseball/article/108/0003267768,20240924,"조회수80,203"
"""테임즈처럼 2루 베이스 뽑고 싶다"" 40-40 눈앞, 김도영 바람 무산될 위기...왜?",https://m.sports.naver.com/kbaseball/article/076/0004196516,20240924,"조회수78,934"
"‘트래직넘버 소멸’ 롯데, 7년 연속 가을야구 진출 좌절…‘강백호 대타 결승타&장성우 쐐기포’ KT 5위 사수 [수원 리뷰]",https://m.sports.naver.com/kbaseball/article/109/0005162024,20240924,"조회수75,940"
"'헤드샷 충격 직후...' 옆으로 다가온 LG 역대급 외인, 무슨 말을 건넸나",https://m.sports.naver.com/kbaseball/article/108/0003267748,20240924,"조회수75,649"
외인 3명이 모두 대박인데...왜 롯데는 ‘가을야구’ 탈락이 확정적일까,https://m.sports.naver.com/kbaseball/article/109/0005161562,20240924,"조회수69,652"
"그들만의 리그 종료...'9회 윤동희 결승타' 롯데 기사회생, 한화도 트래직넘버 1 [대전 리뷰]",https://m.sports.naver.com/kbaseball/article/109/0005161362,20240924,"조회수67,208"
"‘우승 멤버 모이니 무섭다’ LG 화력 대폭발, 임찬규 10승·박동원 20홈런 3위 확정 준PO 직행 [SS문학in]",https://m.sports.naver.com/kbaseball/article/468/0001095338,20240924,"조회수66,380"
"'오승환, 그래도 한국시리즈 통산 ERA가 0.81인데, 고기도 먹어 본 사람이 더 많이 먹는다' vs ""나이는 어쩔 수 없어. 종속 구위가...""",https://m.sports.naver.com/kbaseball/article/425/0000154165,20240924,"조회수66,259"
"KBO 정규시즌 10월1일 끝난다, 롯데-NC 김 빠진 최종전 되나…29일 한화 대전야구장 고별전",https://m.sports.naver.com/kbaseball/article/109/0005161672,20240924,"조회수63,788"
"이러다 KBO 43년 역사상 최초 5위 타이브레이커 열리나, 미라클 '10→9→8→7→6→5위' 또 기적 올까",https://m.sports.naver.com/kbaseball/article/108/0003267811,20240924,"조회수57,787"
"김도영, 38호 홈런에 40도루도 달성...KIA는 삼성에 5:3 승리",https://m.sports.naver.com/kbaseball/article/472/0000032698,20240924,"조회수56,172"
"‘도루는 다 채웠다, 남은 건 홈런 2개’ KIA 김도영의 40-40 도전...“광주 홈구장에서 달성하고 싶다”",https://m.sports.naver.com/kbaseball/article/022/0003970837,20240924,"조회수56,057"
"""자력도 안되고 동률돼도 힘들고... 우리가 불리하다."" 꼴찌→5위 기적 레이스 마지막 3경기는[수원 코멘트]",https://m.sports.naver.com/kbaseball/article/076/0004196605,20240924,"조회수51,993"
테임즈는 140경기만에 했는데…김도영 마지막 여정은 광주→대전→부산→광주→4G 2홈런 가능할까[MD광주],https://m.sports.naver.com/kbaseball/article/117/0003873626,20240924,"조회수51,055"
"'충격 태업 논란'으로 삼성 떠난 외인, 키움으로 복귀한다고? 단장에게 진실을 물었더니...",https://m.sports.naver.com/kbaseball/article/076/0004197052,20240925,"조회수205,583"
"""넌 4번타자 해야 해"" 최형우가 인정한 KIA 열정가이 '미친 존재감', 정규 2G 활약으로 KS 무대까지 밟나",https://m.sports.naver.com/kbaseball/article/108/0003268135,20240925,"조회수148,878"
"'국군의 날 최종전' 롯데 5강 조기 탈락→10월 2일 WC 시작 확정…KBO, 2024 포스트시즌 일정 발표",https://m.sports.naver.com/kbaseball/article/311/0001775464,20240925,"조회수112,030"
"132억 좌완 드디어 시즌 첫 등판...친정팀 상대 1이닝 무실점, 363일 만의 복귀전 성공적",https://m.sports.naver.com/kbaseball/article/139/0002210745,20240925,"조회수106,380"
"또또 구단 새 역사 썼다...김도영, 첫 타석부터 3루타 쾅! KIA 최다 안타+3루타 1위 등극",https://m.sports.naver.com/kbaseball/article/139/0002210795,20240925,"조회수100,741"
"‘태업 논란’ 전 삼성 카데나스, 키움 SNS 팔로우 화제…도슨 대체 선수 암시?",https://m.sports.naver.com/kbaseball/article/109/0005162107,20240925,"조회수81,827"
'지난해 큰 수술 국대 투수→와 복귀하자마자 벌써 2승이라니...' 가을야구 막강 깜짝 카드가 왔다,https://m.sports.naver.com/kbaseball/article/108/0003268096,20240925,"조회수81,455"
"LG, 정규시즌 1위 아니지만 아직 기회 있다. 염경엽 감독도 ""마지막에 웃을 수 있도록"" [인천에서mhn]",https://m.sports.naver.com/kbaseball/article/445/0000238088,20240925,"조회수71,061"
"한화서 ERA 7.62→트레이드→현역 제대 후 KS 선발 후보 급부상 ""군대서 야구가 간절해졌다""",https://m.sports.naver.com/kbaseball/article/108/0003268089,20240925,"조회수69,074"
"류현진도, 김경문 감독도 왔는데 한화 또 5강 탈락…'리빌딩 이즈 오버' 공허한 외침 됐다",https://m.sports.naver.com/kbaseball/article/477/0000513627,20240925,"조회수67,002"
"‘23년 루게릭병 투병’ 박승일 승일희망재단 대표, 향년 53세로 별세",https://m.sports.naver.com/kbaseball/article/469/0000824827,20240925,"조회수66,836"
"'야구의 신(神)' 찾은 LG 사령탑, 왜?... 주전 ALL 제외→최종전에만 베스트 멤버 앞세우는 이유 [잠실 현장]",https://m.sports.naver.com/kbaseball/article/108/0003268368,20240925,"조회수64,084"
"한화 '지옥 훈련' 예고, 베테랑 FA 이적생도 예외 없다…""이렇게 빠른 내년 시즌 준비 나도 처음"" [현장 인터뷰]",https://m.sports.naver.com/kbaseball/article/311/0001775571,20240925,"조회수62,937"
"'기적은 없었다' 한화, 키움에 4-5로 재역전패...6년 연속 가을야구 좌절",https://m.sports.naver.com/kbaseball/article/425/0000154199,20240925,"조회수62,864"
"'지옥 마무리훈련' 예고 한화 노감독 ""5강 실패 팬들에 죄송…와이즈·바리아 끝까지 던진다"" [잠실 현장]",https://m.sports.naver.com/kbaseball/article/311/0001775502,20240925,"조회수62,488"
"롯데가 KIA 대투수 무너뜨렸다, 5-2 승리→양현종 10년 연속 170이닝에 통산 2500이닝 돌파→김도영 2G연속 홈런 침묵[MD광주]",https://m.sports.naver.com/kbaseball/article/117/0003874039,20240925,"조회수62,103"
"이종범 잡았다! '안타 또 안타' 레이예스, 196안타 도달→역대 공동 4위 등극...200안타 보인다",https://m.sports.naver.com/kbaseball/article/139/0002210802,20240925,"조회수60,779"
'KBO 43년 역사상 최초 기록' LG→이제 롯데 신기록에 도전한다... 한화·키움 팬들의 절대적인 화력 더해질까,https://m.sports.naver.com/kbaseball/article/108/0003268188,20240925,"조회수60,610"
명장 김태형도 못 이룬 롯데 가을야구…그래도 희망은 봤다,https://m.sports.naver.com/kbaseball/article/001/0014947134,20240925,"조회수57,362"
"하루를 못 간 롯데 5강 희망, 3중살과 함께 물거품…올가을도 '야구'는 없다 [수원 현장]",https://m.sports.naver.com/kbaseball/article/311/0001775085,20240925,"조회수56,241"
"""죄송합니다"" 5강 실패 사과한 사령탑→꿈의 신축 구장에서 '불꽃·투혼·열정' 다시 볼 수 있을까",https://m.sports.naver.com/kbaseball/article/108/0003268687,20240926,"조회수167,642"
"""이렇게 빠른 시즌 준비 처음"" 설마 72억 FA도 예외 없나, 김경문표 마무리훈련 관심 집중",https://m.sports.naver.com/kbaseball/article/117/0003874164,20240926,"조회수117,875"
"롯데는 탈락했지만…이종범과 만난 13억 안타제조기, KBO 43년 최초 대기록 피날레 임박",https://m.sports.naver.com/kbaseball/article/477/0000513870,20240926,"조회수106,636"
"'이럴수가...' 황태자, 단독 다승왕 위해 '삼성 마지막 경기' 출격해야 한다",https://m.sports.naver.com/kbaseball/article/108/0003268711,20240926,"조회수105,517"
"'이종범 넘었다' 레이예스, 두산전 첫 타석 안타 폭발...197안타 '역대 공동 3위' 등극→200안타 '-3'",https://m.sports.naver.com/kbaseball/article/139/0002210877,20240926,"조회수104,237"
"못 먹는 감 찔러보기? '태업 논란→7G만에 방출' 前 삼성 카데나스, 키움 이어 한화 SNS 팔로우 '화제'",https://m.sports.naver.com/kbaseball/article/139/0002210874,20240926,"조회수87,488"
'사상 최초 5위 결정전?' kt와 SSG의 가을야구 경우의 수,https://m.sports.naver.com/kbaseball/article/079/0003942222,20240926,"조회수77,784"
김도영 '3경기 2홈런'·레이예스 '4경기 4안타'…마지막 도전,https://m.sports.naver.com/kbaseball/article/001/0014949502,20240926,"조회수76,379"
"NC 꺾고 5강 희망 이어간 SSG, 구단 한 시즌 최다 타점・30홈런-100타점 등 각종 기록 쏟아냈다 [창원 리뷰] ",https://m.sports.naver.com/kbaseball/article/109/0005163554,20240926,"조회수72,787"
"'박석민 제쳤다' 김영웅, 멀티포 쾅쾅→43년 라이온즈 역사 새로 썼다...삼성 3루수 홈런 역대 1위 등극",https://m.sports.naver.com/kbaseball/article/139/0002210818,20240926,"조회수71,037"
KBO 첫 ‘투수 4관왕’ 대기록을 무산시킨 홈런 두 방,https://m.sports.naver.com/kbaseball/article/081/0003482757,20240926,"조회수68,491"
"""KBO를 호구로 보나?"" 카데나스, 한화도 팔로우...팬들 ""카데나스는 지금 KBO 구직 활동 중"" 비판",https://m.sports.naver.com/kbaseball/article/425/0000154240,20240926,"조회수67,619"
"‘V11’의 추억, 김기태 전 감독 “이범호 감독이 나보다 한 수 위···나도 김도영 사인 받았다”[스경x인터뷰]",https://m.sports.naver.com/kbaseball/article/144/0000990788,20240926,"조회수65,512"
"""언젠가는 송진우 선배 기록 깨고파""…'대투수' 양현종의 도전은 끝나지 않았다 [광주 현장]",https://m.sports.naver.com/kbaseball/article/311/0001775596,20240926,"조회수64,521"
"레이예스 '200안타' 원하는 명장, DH 배려까지 준비...""'지타로만 뛸 래?' 물어봤죠"" [부산 현장]",https://m.sports.naver.com/kbaseball/article/311/0001775850,20240926,"조회수59,666"
"""마지막 인사도 못 드렸다"" 기적처럼 복귀했는데, 사라진 수장…손아섭은 뼈저리게 책임을 통감했다",https://m.sports.naver.com/kbaseball/article/109/0005162929,20240926,"조회수58,664"
"4G 6안타 더 치면 KBO 새 역사! 이종범 잡은 롯데 외인, 그 비결 알고보니...",https://m.sports.naver.com/kbaseball/article/108/0003268459,20240926,"조회수58,560"
"""시즌 중 돌아오기 힘들 것"" 예상 뒤집은 괴물 같은 회복력, 국대 외야수 PS 특급 조커 될까",https://m.sports.naver.com/kbaseball/article/477/0000513910,20240926,"조회수56,379"
‘푸른 한화’는 끝났다. 지옥 마무리 훈련…72억 FA도 긴장하다 “이렇게 빠른 시즌 준비는 처음인데…”,https://m.sports.naver.com/kbaseball/article/109/0005163153,20240926,"조회수54,569"
"KIA 퇴출 위기→""너무 감사하다"" 엔딩… 소크라테스도 멈췄다, 다음 기약한 KIA 첫 대업",https://m.sports.naver.com/kbaseball/article/477/0000513920,20240926,"조회수52,594"
"'이럴 수가' 김택연, 13년 만에 고졸 신인 잔혹사 계보이었다...커지는 후유증 우려→두산팬 '발 동동'",https://m.sports.naver.com/kbaseball/article/139/0002210930,20240927,"조회수156,758"
"계약금 3억 받은 롯데 1R 루키 ""제시액에 토 달고 싶지 않았다"" 이런 쿨함이... 롯데 신인 계약 완료 [부산 현장]",https://m.sports.naver.com/kbaseball/article/108/0003268953,20240927,"조회수108,010"
"꽃감독, 김도영 토종 최초 '40-40' 예언 ""오늘내일 하나만 치면 광주에서 하늘이 도울 것"" [대전 현장]",https://m.sports.naver.com/kbaseball/article/311/0001776244,20240927,"조회수106,008"
"사상 첫 50-50 달성..두번째 40-40, 200안타도 가능할까  '역대급' 시즌, '역대급' 기록잔치",https://m.sports.naver.com/kbaseball/article/076/0004197792,20240927,"조회수104,526"
"‘KKKKKKKKKK’ 이렇게 강력한 ‘153km’ 에이스인데, 왜 염갈량은 1차전 선발을 고민할까 ",https://m.sports.naver.com/kbaseball/article/109/0005163851,20240927,"조회수100,090"
"노시환 3안타+구단 최초 10홀드 4명 탄생... 한화, KIA 8-0 제압 '김도영 40-40 부산으로' [MD대전]",https://m.sports.naver.com/kbaseball/article/117/0003874843,20240927,"조회수98,081"
"또또또또또 4실점...'예비 FA' 173세이브 마무리, 결국 ERA 6점대 진입...역대 최초 불명예 기록 임박",https://m.sports.naver.com/kbaseball/article/139/0002210946,20240927,"조회수97,624"
"""왜 나흘만 주냐, 정말 힘들다"" 현장 불만에 KBO 응답했다...올스타 휴식기 4일→6일 전격 확대+혹서기 대책도 마련 [공식발표]",https://m.sports.naver.com/kbaseball/article/109/0005163914,20240927,"조회수89,696"
"""김도영 40-40? 내가 반즈시 막는다!"" 마지막 홈경기니까…좌완 에이스의 뜨거운 다짐 [인터뷰]",https://m.sports.naver.com/kbaseball/article/076/0004197884,20240927,"조회수83,875"
"'또 비거리 110m 뜬공' 김도영도 40-40 부담 느끼나… 운명의 2경기, '성담장' 넘을까",https://m.sports.naver.com/kbaseball/article/477/0000514045,20240927,"조회수79,278"
"삼성 역대급 신인 '원태인도 넘었다', 왜 3순위 배찬승에 '계약금 4억'을 투자했나",https://m.sports.naver.com/kbaseball/article/108/0003268959,20240927,"조회수69,642"
"""올스타 휴식기 너무 짧다"" 현장서 터진 불만, KBO 전격 수용했다…내년 4일→6일 확대",https://m.sports.naver.com/kbaseball/article/477/0000514032,20240927,"조회수67,842"
15승 에이스보다 많이 받다니…삼성 150km 좌완 특급유망주에 계약금 4억원 투자 감행,https://m.sports.naver.com/kbaseball/article/477/0000514047,20240927,"조회수65,350"
"'초대박' LG, 드디어 롯데 대기록 깼다…KBO 43년 사상 최다 '139만 7499명' 관중 새 역사",https://m.sports.naver.com/kbaseball/article/477/0000513938,20240927,"조회수63,113"
"40-40말고 또 세울 기록 남았다...'3년 차' 김도영, 이정후 안타-이승엽 타점 따라잡을까",https://m.sports.naver.com/kbaseball/article/139/0002210927,20240927,"조회수63,049"
"[공식] 배찬승 4억-구단 역대 2위→원태인보다 많다, 삼성 2025 신인 계약…심재훈 1.6억-차승준 1.2억",https://m.sports.naver.com/kbaseball/article/468/0001096110,20240927,"조회수62,457"
"김도영, 와이스→반즈→하트? 왜 외인 에이스만 계속 만나나…'토종 최초 40-40' 쉽게 허락 안 한다",https://m.sports.naver.com/kbaseball/article/311/0001775968,20240927,"조회수61,783"
"'MVP 예약' KIA 김도영→오늘(27일) 홈런 기대감 높은 이유, 드디어 다시 대기록 향해 뛴다!",https://m.sports.naver.com/kbaseball/article/108/0003268762,20240927,"조회수59,023"
"'미친 폭염' 혼난 KBO, 2025시즌 7·8월 일요일·공휴일 오후 6시 개시 변경…3월 22일 개막→올스타 브레이크 '6일 확대'도 발표",https://m.sports.naver.com/kbaseball/article/311/0001776224,20240927,"조회수58,587"
"[오피셜] LG, KBO 43년 역사상 최초 대기록 '쾌거'... 롯데 넘고 최다 관중 '139만 7499명' 신기록 달성",https://m.sports.naver.com/kbaseball/article/108/0003268729,20240927,"조회수58,111"
